Date,VIX_daily_vol
2000-01-18,0.013543726949497308
2000-01-19,0.013682313490388013
2000-01-20,0.013701212146584487
2000-01-21,0.013115367021177512
2000-01-24,0.015162674583310826
2000-01-25,0.014501237236151359
2000-01-26,0.01450753678821685
2000-01-27,0.014828806734456697
2000-01-28,0.016466651822949988
2000-01-31,0.015717023149907045
2000-02-01,0.014772111967383976
2000-02-02,0.01456423155528957
2000-02-03,0.013864996895737156
2000-02-04,0.013568925157759273
2000-02-07,0.014356351143195164
2000-02-08,0.01338624175241013
2000-02-09,0.014425643812882165
2000-02-10,0.014532733794962114
2000-02-11,0.015383154099536216
2000-02-14,0.01535795589127425
2000-02-15,0.014438242917013146
2000-02-16,0.014809908078260223
2000-02-17,0.014595728114100325
2000-02-18,0.016378460497066514
2000-02-22,0.016290269171183036
2000-02-23,0.015049285049165384
2000-02-24,0.01535795589127425
2000-02-25,0.01587450834699422
2000-02-28,0.015546938848688885
2000-02-29,0.014721716752376749
2000-03-01,0.013631918275380784
2000-03-02,0.0132665526661992
2000-03-03,0.012101161967450742
2000-03-06,0.013543726949497308
2000-03-07,0.015313860228332513
2000-03-08,0.015005189386223647
2000-03-09,0.013990984332496877
2000-03-10,0.013379942200344639
2000-03-13,0.01439414725407141
2000-03-14,0.015376854547470724
2000-03-15,0.014072877307831563
2000-03-16,0.013083870462366757
2000-03-17,0.014091775964028035
2000-03-20,0.014463439923758412
2000-03-21,0.013669715587773731
2000-03-22,0.013537427397431818
2000-03-23,0.014022482092824333
2000-03-24,0.014683919439983801
2000-03-27,0.015452447970739918
2000-03-28,0.015660328382834324
2000-03-29,0.0151815732395073
2000-03-30,0.01604459144669568
2000-03-31,0.015187872791572792
2000-04-03,0.015137477576565563
2000-04-04,0.01708399470868442
2000-04-05,0.017896617700865574
2000-04-06,0.01710289216336419
2000-04-07,0.015364255443339742
2000-04-10,0.016372160945001022
2000-04-11,0.017165886482502404
2000-04-12,0.018255683757981665
2000-04-13,0.018520258937148794
2000-04-14,0.021096718059133063
2000-04-17,0.018236786303301895
2000-04-18,0.016454053920335707
2000-04-19,0.017021000389546206
2000-04-20,0.016283969619117548
2000-04-24,0.017241479905771597
2000-04-25,0.01589970535373949
2000-04-26,0.01698950262921875
2000-04-27,0.016498149583277444
2000-04-28,0.016504449135342936
2000-05-01,0.01630286707379732
2000-05-02,0.01795331246793829
2000-05-03,0.019925026606802412
2000-05-04,0.019383278345853877
2000-05-05,0.01734227033578605
2000-05-08,0.01776433071204036
2000-05-09,0.018224187199170908
2000-05-10,0.018816331876643375
2000-05-11,0.01748715642874225
2000-05-12,0.016409957055877267
2000-05-15,0.015660328382834324
2000-05-16,0.015332758884528987
2000-05-17,0.015105979816238105
2000-05-18,0.015093380712107123
2000-05-19,0.01602569399201591
2000-05-22,0.016378460497066514
2000-05-23,0.016296568723248528
2000-05-24,0.015320159780398003
2000-05-25,0.015483944529550674
2000-05-26,0.015414650658346971
2000-05-30,0.014879201949463926
2000-05-31,0.014898099404143699
2000-06-01,0.014085476411962545
2000-06-02,0.013531127845366326
2000-06-05,0.014305954726671233
2000-06-06,0.014520134690831132
2000-06-07,0.014161068633715038
2000-06-08,0.014343752039064182
2000-06-09,0.01394688866955514
2000-06-12,0.01406027820370058
2000-06-13,0.013650816931577258
2000-06-14,0.013531127845366326
2000-06-15,0.013027175695294036
2000-06-16,0.012913786161148596
2000-06-19,0.01299567793496658
2000-06-20,0.01315316313205376
2000-06-21,0.012983080032352299
2000-06-22,0.013858697343671664
2000-06-23,0.014072877307831563
2000-06-26,0.014142171179035266
2000-06-27,0.013732708705395242
2000-06-28,0.012781499172323383
2000-06-29,0.012409834011076308
2000-06-30,0.01230904358106185
2000-07-03,0.01249172578489429
2000-07-05,0.01332954698533741
2000-07-06,0.013190960444446707
2000-07-07,0.012107461519516232
2000-07-10,0.012806696179068646
2000-07-11,0.012668109638177943
2000-07-12,0.012617714423170714
2000-07-13,0.012617714423170714
2000-07-14,0.012170455838654445
2000-07-17,0.01225234881398913
2000-07-18,0.012441330569887063
2000-07-19,0.01237833625074885
2000-07-20,0.011931078867749282
2000-07-21,0.011931078867749282
2000-07-24,0.012548420551967011
2000-07-25,0.012214551501596182
2000-07-26,0.012390935354879833
2000-07-27,0.012346839691938095
2000-07-28,0.013127966125308494
2000-07-31,0.013064971806170283
2000-08-01,0.01294528271995935
2000-08-02,0.01259881576697424
2000-08-03,0.012592516214908749
2000-08-04,0.011729498007720366
2000-08-07,0.011987773634822
2000-08-08,0.011836587989800315
2000-08-09,0.012082264512770969
2000-08-10,0.012088564064836459
2000-08-11,0.011685401143261926
2000-08-14,0.011263340767007623
2000-08-15,0.011326335086145833
2000-08-16,0.011351533294407799
2000-08-17,0.011011364691971478
2000-08-18,0.01074048996073886
2000-08-21,0.010929472918153493
2000-08-22,0.011005065139905986
2000-08-23,0.010948370372833267
2000-08-24,0.01073419161019007
2000-08-25,0.010412921663950222
2000-08-28,0.010419221216015713
2000-08-29,0.010639699530724403
2000-08-30,0.011143652882313393
2000-08-31,0.010608202971913647
2000-09-01,0.011042862452298935
2000-09-05,0.0124854262328288
2000-09-06,0.013096469566497739
2000-09-07,0.012233450157792656
2000-09-08,0.011628706376189207
2000-09-11,0.011590910265312962
2000-09-12,0.011710599351523892
2000-09-13,0.011540515050305731
2000-09-14,0.011502718939429486
2000-09-15,0.011666503688582155
2000-09-18,0.01275630096406142
2000-09-19,0.01230904358106185
2000-09-20,0.012554720104032503
2000-09-21,0.012712205301119682
2000-09-22,0.013064971806170283
2000-09-25,0.013487032182424587
2000-09-26,0.013783103920402471
2000-09-27,0.013650816931577258
2000-09-28,0.012264946716603409
2000-09-29,0.012957881824090333
2000-10-02,0.013373642648279147
2000-10-03,0.013764206465722698
2000-10-04,0.013568925157759273
2000-10-05,0.013247655211519428
2000-10-06,0.014305954726671233
2000-10-09,0.01513117802450007
2000-10-10,0.015660328382834324
2000-10-11,0.016737526554182605
2000-10-12,0.019219493596701206
2000-10-13,0.017386365998727792
2000-10-16,0.016876114296590014
2000-10-17,0.01753755164374948
2000-10-18,0.018091899008828998
2000-10-19,0.01580521447579052
2000-10-20,0.015269764565390776
2000-10-23,0.015553238400754376
2000-10-24,0.015294962773652741
2000-10-25,0.016787921769189834
2000-10-26,0.018028905891207488
2000-10-27,0.016674532235044396
2000-10-30,0.016038291894630193
2000-10-31,0.014885500300012715
2000-11-01,0.015294962773652741
2000-11-02,0.01506818370536186
2000-11-03,0.014910698508274681
2000-11-06,0.015446148418674427
2000-11-07,0.01569182494164508
2000-11-08,0.016164280532906614
2000-11-09,0.017134389923691647
2000-11-10,0.017972211124134767
2000-11-13,0.018306078972988894
2000-11-14,0.016888712199204292
2000-11-15,0.01647295137501548
2000-11-16,0.015780016267528556
2000-11-17,0.01562883062250687
2000-11-20,0.017279276016647842
2000-11-21,0.016769024314510064
2000-11-22,0.017455658668414795
2000-11-24,0.016378460497066514
2000-11-27,0.01696430562247349
2000-11-28,0.017411563005473057
2000-11-29,0.017317072127524088
2000-11-30,0.018677744134235973
2000-12-01,0.017310772575458596
2000-12-04,0.01749975553287323
2000-12-05,0.01574222015665231
2000-12-06,0.01579261537165954
2000-12-07,0.0159626996728777
2000-12-08,0.0141169729707733
2000-12-11,0.014809908078260223
2000-12-12,0.015672926285448606
2000-12-13,0.014885500300012715
2000-12-14,0.015660328382834324
2000-12-15,0.01672492745005162
2000-12-18,0.017449360317866005
2000-12-19,0.017115491267495172
2000-12-20,0.019994320478006117
2000-12-21,0.018684043686301464
2000-12-22,0.017354868238400337
2000-12-26,0.018098198560894486
2000-12-27,0.017726533399647415
2000-12-28,0.016737526554182605
2000-12-29,0.016913910407466256
2001-01-02,0.01889192409839587
2001-01-03,0.016756425210379077
2001-01-04,0.01698950262921875
2001-01-05,0.01806040245001824
2001-01-08,0.018797433220446903
2001-01-09,0.017632042521698445
2001-01-10,0.0168824126471388
2001-01-11,0.0162461735082413
2001-01-12,0.015471345425419692
2001-01-16,0.015924903562001453
2001-01-17,0.01570442404577606
2001-01-18,0.014721716752376749
2001-01-19,0.014639823777042062
2001-01-22,0.014646123329107556
2001-01-23,0.013587822612439045
2001-01-24,0.013877595999868137
2001-01-25,0.014261859063729496
2001-01-26,0.014217763400787758
2001-01-29,0.014242961609049724
2001-01-30,0.014217763400787758
2001-01-31,0.013871296447802647
2001-02-01,0.013644517379511766
2001-02-02,0.01382720078486091
2001-02-05,0.013978386429882595
2001-02-06,0.013846098239540682
2001-02-07,0.013650816931577258
2001-02-08,0.013518528741235342
2001-02-09,0.013877595999868137
2001-02-12,0.013808302128664435
2001-02-13,0.013461835175679325
2001-02-14,0.013556326053628292
2001-02-15,0.0127689000681924
2001-02-16,0.013934290766940858
2001-02-20,0.015553238400754376
2001-02-21,0.016220975299979335
2001-02-22,0.01685721564039354
2001-02-23,0.017140688274240437
2001-02-26,0.01601939443995042
2001-02-27,0.01668713133917538
2001-02-28,0.017858821589989325
2001-03-01,0.017688737288771166
2001-03-02,0.017279276016647842
2001-03-05,0.01708399470868442
2001-03-06,0.01630916662586281
2001-03-07,0.015194172343638283
2001-03-08,0.015301262325718231
2001-03-09,0.01613908352616135
2001-03-12,0.019099804510490277
2001-03-13,0.017354868238400337
2001-03-14,0.018652547127490707
2001-03-15,0.017991108578814537
2001-03-16,0.01884152888338864
2001-03-19,0.018759637109570657
2001-03-20,0.01950296623054811
2001-03-21,0.020114009564217047
2001-03-22,0.020687255585493038
2001-03-23,0.01918169748582496
2001-03-26,0.018293481070374613
2001-03-27,0.01703359949367719
2001-03-28,0.018003707682945524
2001-03-29,0.0183753728441926
2001-03-30,0.018041503793821766
2001-04-02,0.019660451427635284
2001-04-03,0.02187154494043797
2001-04-04,0.021462082466797948
2001-04-05,0.018860427539585112
2001-04-06,0.01996282391919536
2001-04-09,0.020101410460086063
2001-04-10,0.01854545714541076
2001-04-11,0.017928114259676324
2001-04-12,0.016454053920335707
2001-04-16,0.016586340909160918
2001-04-17,0.01613278397409586
2001-04-18,0.015200470694187073
2001-04-19,0.015219369350383545
2001-04-20,0.015987896679622964
2001-04-23,0.017739132503778395
2001-04-24,0.0179470129158728
2001-04-25,0.01726037736045137
2001-04-26,0.016353262288804547
2001-04-27,0.01513117802450007
2001-04-30,0.016050890998761173
2001-05-01,0.01524456755864551
2001-05-02,0.015263465013325284
2001-05-03,0.01623987395617581
2001-05-04,0.015061884153296368
2001-05-07,0.015660328382834324
2001-05-08,0.0153957532036672
2001-05-09,0.015339058436594478
2001-05-10,0.015118578920369087
2001-05-11,0.014828806734456697
2001-05-14,0.015282363669521758
2001-05-15,0.014935895515019944
2001-05-16,0.013789403472467961
2001-05-17,0.013524828293300834
2001-05-18,0.013373642648279147
2001-05-21,0.013077570910301265
2001-05-22,0.013449236071548342
2001-05-23,0.013909092558678893
2001-05-24,0.012957881824090333
2001-05-25,0.012976780480286809
2001-05-29,0.01394688866955514
2001-05-30,0.014337452486998688
2001-05-31,0.014261859063729496
2001-06-01,0.013600421716570029
2001-06-04,0.013468133526228115
2001-06-05,0.012334240587807114
2001-06-06,0.012844492289944895
2001-06-07,0.012390935354879833
2001-06-08,0.012548420551967011
2001-06-11,0.013039774799425018
2001-06-12,0.013039774799425018
2001-06-13,0.013512230390686553
2001-06-14,0.01456423155528957
2001-06-15,0.014368949045809444
2001-06-18,0.014595728114100325
2001-06-19,0.014072877307831563
2001-06-20,0.013676013938322521
2001-06-21,0.01220825194953069
2001-06-22,0.012611414871105224
2001-06-25,0.013020876143228546
2001-06-26,0.013354745193599376
2001-06-27,0.01315316313205376
2001-06-28,0.012605115319039732
2001-06-29,0.012006671089501774
2001-07-02,0.01181768933360384
2001-07-03,0.011918479763618298
2001-07-05,0.012655510534046961
2001-07-06,0.013625618723315292
2001-07-09,0.014161068633715038
2001-07-10,0.014646123329107556
2001-07-11,0.01512487847243458
2001-07-12,0.013915392110744385
2001-07-13,0.013316947881206426
2001-07-16,0.014431943364947656
2001-07-17,0.014242961609049724
2001-07-18,0.014866602845332944
2001-07-19,0.014179967289911511
2001-07-20,0.014072877307831563
2001-07-23,0.01495479417121642
2001-07-24,0.01589970535373949
2001-07-25,0.015118578920369087
2001-07-26,0.014494937684085867
2001-07-27,0.013858697343671664
2001-07-30,0.014293356824056951
2001-07-31,0.013619320372766502
2001-08-01,0.012951582272024843
2001-08-02,0.012655510534046961
2001-08-03,0.012529521895770538
2001-08-06,0.013789403472467961
2001-08-07,0.013235056107388444
2001-08-08,0.01406027820370058
2001-08-09,0.013701212146584487
2001-08-10,0.01294528271995935
2001-08-13,0.012863390946141367
2001-08-14,0.012901187057017613
2001-08-15,0.013172061788250231
2001-08-16,0.013568925157759273
2001-08-17,0.015017788490354629
2001-08-20,0.014406746358202393
2001-08-21,0.015370554995405234
2001-08-22,0.014135871626969774
2001-08-23,0.01400358343662786
2001-08-24,0.012416132361625098
2001-08-27,0.012951582272024843
2001-08-28,0.013858697343671664
2001-08-29,0.01450753678821685
2001-08-30,0.016006795335819436
2001-08-31,0.015698124493710573
2001-09-04,0.016283969619117548
2001-09-05,0.016598940013291905
2001-09-06,0.018022606339141992
2001-09-07,0.01952186488674458
2001-09-10,0.020057314797144326
2001-09-17,0.02630632626410752
2001-09-18,0.02448579777026508
2001-09-19,0.025550399240515786
2001-09-20,0.02755361113970736
2001-09-21,0.02687327393483472
2001-09-24,0.02378026476016388
2001-09-25,0.022558180495859403
2001-09-26,0.022211711139840887
2001-09-27,0.02141798680385621
2001-09-28,0.020114009564217047
2001-10-01,0.0203596860871877
2001-10-02,0.019641553972955514
2001-10-03,0.01974234440296997
2001-10-04,0.02013920657096231
2001-10-05,0.021033722538478152
2001-10-08,0.022123519813957413
2001-10-09,0.02194083881164167
2001-10-10,0.019906129152122642
2001-10-11,0.01984313483298443
2001-10-12,0.02221801189342308
2001-10-15,0.02224321010168505
2001-10-16,0.020712453793755
2001-10-17,0.02209832400872885
2001-10-18,0.022016431033394165
2001-10-19,0.02148728067505991
2001-10-22,0.020315590424245963
2001-10-23,0.020158105227158784
2001-10-24,0.01949666787999932
2001-10-25,0.01855805504802504
2001-10-26,0.017902917252931062
2001-10-29,0.019931326158867904
2001-10-30,0.02107781820141989
2001-10-31,0.0211408137220748
2001-11-01,0.02035338773663891
2001-11-02,0.01934548103346093
2001-11-05,0.019213194044635715
2001-11-06,0.018142294223836227
2001-11-07,0.01835017463593063
2001-11-08,0.018028905891207488
2001-11-09,0.017285575568713334
2001-11-12,0.018488762378338037
2001-11-13,0.016674532235044396
2001-11-14,0.016731227002117117
2001-11-15,0.016101286213768405
2001-11-16,0.01579261537165954
2001-11-19,0.015408351106281479
2001-11-20,0.015194172343638283
2001-11-21,0.01523826800658002
2001-11-23,0.014646123329107556
2001-11-26,0.014986291931543876
2001-11-27,0.015118578920369087
2001-11-28,0.0163154661779283
2001-11-29,0.01586190924286324
2001-11-30,0.015017788490354629
2001-12-03,0.016233574404110315
2001-12-04,0.015168974135376318
2001-12-05,0.014501237236151359
2001-12-06,0.014935895515019944
2001-12-07,0.014797308974129241
2001-12-10,0.01613908352616135
2001-12-11,0.01593750146461573
2001-12-12,0.015666627934899816
2001-12-13,0.01632176572999379
2001-12-14,0.015515441088361429
2001-12-17,0.015282363669521758
2001-12-18,0.014671321537369518
2001-12-19,0.014224062952853249
2001-12-20,0.014910698508274681
2001-12-21,0.014173667737846021
2001-12-24,0.014249261161115214
2001-12-26,0.014041380749020808
2001-12-27,0.013600421716570029
2001-12-28,0.013480732630359097
2001-12-31,0.014992590282092665
2002-01-02,0.014305954726671233
2002-01-03,0.01344293651948285
2002-01-04,0.012882289602337841
2002-01-07,0.013820901232795417
2002-01-08,0.013751607361591716
2002-01-09,0.013940589117489648
2002-01-10,0.014085476411962545
2002-01-11,0.014236662056984232
2002-01-14,0.014854003741201962
2002-01-15,0.014299656376122443
2002-01-16,0.014772111967383976
2002-01-17,0.014016182540758843
2002-01-18,0.014186266841977003
2002-01-22,0.014872902397398434
2002-01-23,0.013783103920402471
2002-01-24,0.01332324743327192
2002-01-25,0.013235056107388444
2002-01-28,0.013316947881206426
2002-01-29,0.015339058436594478
2002-01-30,0.01462722467291108
2002-01-31,0.013285451322395673
2002-02-01,0.013304349978592147
2002-02-04,0.015666627934899816
2002-02-05,0.0160319935440814
2002-02-06,0.01643515526413923
2002-02-07,0.015817813579921503
2002-02-08,0.014652422881173046
2002-02-11,0.013720110802780959
2002-02-12,0.013619320372766502
2002-02-13,0.013134265677373986
2002-02-14,0.013713811250715469
2002-02-15,0.014091775964028035
2002-02-19,0.015389453651601706
2002-02-20,0.01427445816786048
2002-02-21,0.014992590282092665
2002-02-22,0.014400446806136901
2002-02-25,0.013757906913657206
2002-02-26,0.01365711648364275
2002-02-27,0.013537427397431818
2002-02-28,0.013600421716570029
2002-03-01,0.012573617558712277
2002-03-04,0.012913786161148596
2002-03-05,0.012787797522872174
2002-03-06,0.012561019656097993
2002-03-07,0.012624013975236206
2002-03-08,0.01213895927984369
2002-03-11,0.012498025336959782
2002-03-12,0.012340540139872605
2002-03-13,0.012258647164537919
2002-03-14,0.012094863616901952
2002-03-15,0.011603509369443944
2002-03-18,0.011924779315683792
2002-03-19,0.011439724620291273
2002-03-20,0.011628706376189207
2002-03-21,0.011433425068225783
2002-03-22,0.01119404809732062
2002-03-25,0.01164130548032019
2002-03-26,0.011420825964094801
2002-03-27,0.011149952434378883
2002-03-28,0.010960969476964249
2002-04-01,0.011798790677407368
2002-04-02,0.012069665408639987
2002-04-03,0.012724804405250662
2002-04-04,0.012460229226083535
2002-04-05,0.012050766752443511
2002-04-08,0.012353139244003587
2002-04-09,0.012264946716603409
2002-04-10,0.011458623276487749
2002-04-11,0.012787797522872174
2002-04-12,0.012233450157792656
2002-04-15,0.0124854262328288
2002-04-16,0.011408228061480518
2002-04-17,0.011609808921509434
2002-04-18,0.012151558383974671
2002-04-19,0.01152791594617475
2002-04-22,0.012453929674018045
2002-04-23,0.012775199620257893
2002-04-24,0.013083870462366757
2002-04-25,0.013197259996512197
2002-04-26,0.01394688866955514
2002-04-29,0.015150075479179842
2002-04-30,0.013802002576598945
2002-05-01,0.012636611877850486
2002-05-02,0.01264291142991598
2002-05-03,0.012718504853185172
2002-05-06,0.014211463848722267
2002-05-07,0.013820901232795417
2002-05-08,0.012844492289944895
2002-05-09,0.013581523060373555
2002-05-10,0.0141169729707733
2002-05-13,0.013052372702039301
2002-05-14,0.012189354494850917
2002-05-15,0.012088564064836459
2002-05-16,0.011653904584451173
2002-05-17,0.011149952434378883
2002-05-20,0.012120060623647214
2002-05-21,0.012630312325784996
2002-05-22,0.012334240587807114
2002-05-23,0.011483820283233012
2002-05-24,0.011905880659487316
2002-05-28,0.012794097074937665
2002-05-29,0.012844492289944895
2002-05-30,0.012983080032352299
2002-05-31,0.012586216662843258
2002-06-03,0.014721716752376749
2002-06-04,0.015049285049165384
2002-06-05,0.014242961609049724
2002-06-06,0.015219369350383545
2002-06-07,0.014809908078260223
2002-06-10,0.014942195067085436
2002-06-11,0.01540205275573269
2002-06-12,0.015213069798318055
2002-06-13,0.015761118812848782
2002-06-14,0.016353262288804547
2002-06-17,0.015521740640426919
2002-06-18,0.015269764565390776
2002-06-19,0.01641625660794276
2002-06-20,0.017310772575458596
2002-06-21,0.01715328737837142
2002-06-24,0.016995802181284242
2002-06-25,0.01753755164374948
2002-06-26,0.017902917252931062
2002-06-27,0.016561143902415656
2002-06-28,0.016000495783753944
2002-07-01,0.01707769515661893
2002-07-02,0.01824308465385068
2002-07-03,0.018532858041279774
2002-07-05,0.01707769515661893
2002-07-08,0.017795827270851113
2002-07-09,0.019036810191352064
2002-07-10,0.02148097992147772
2002-07-11,0.021323494724390542
2002-07-12,0.020750248703114548
2002-07-15,0.022066825046884692
2002-07-16,0.023087330854193656
2002-07-17,0.022331401427568523
2002-07-18,0.022123519813957413
2002-07-19,0.024044838737814305
2002-07-22,0.02637562013531122
2002-07-23,0.02829693905916811
2002-07-24,0.025109440208065006
2002-07-25,0.024737775046817928
2002-07-26,0.022369196336928066
2002-07-29,0.01973604485090448
2002-07-30,0.02010771001215156
2002-07-31,0.020177002681838557
2002-08-01,0.023276312610091592
2002-08-02,0.026010255727646335
2002-08-05,0.028397731892215974
2002-08-06,0.026476410565325677
2002-08-07,0.024397606444381607
2002-08-08,0.02288574999416474
2002-08-09,0.02225580920581603
2002-08-12,0.0233393057277131
2002-08-13,0.022564478846408192
2002-08-14,0.020384884295449667
2002-08-15,0.018539157593345266
2002-08-16,0.018148593775901715
2002-08-19,0.018022606339141992
2002-08-20,0.018639948023359724
2002-08-21,0.017783228166720132
2002-08-22,0.01748085687667676
2002-08-23,0.01846986372214156
2002-08-26,0.018828929779257656
2002-08-27,0.01896751752166506
2002-08-28,0.02098962687553641
2002-08-29,0.0212101051902451
2002-08-30,0.020561266947216616
2002-09-03,0.02517873407926871
2002-09-04,0.023584982250683756
2002-09-05,0.024479499419716295
2002-09-06,0.02288574999416474
2002-09-09,0.022961342215917235
2002-09-10,0.02209832400872885
2002-09-11,0.02192823970751069
2002-09-12,0.0236227795630767
2002-09-13,0.022564478846408192
2002-09-16,0.023144025621266377
2002-09-17,0.023944048307799844
2002-09-18,0.02363537866720768
2002-09-19,0.025607094007588503
2002-09-20,0.024555091641468785
2002-09-23,0.024996050673919565
2002-09-24,0.02552520103225382
2002-09-25,0.023515690782513452
2002-09-26,0.021795950315652075
2002-09-27,0.023288911714222572
2002-09-30,0.025002349024468355
2002-10-01,0.0214935790256087
2002-10-02,0.023200720388339098
2002-10-03,0.02350309167838247
2002-10-04,0.02485746293151216
2002-10-07,0.026860674830703736
2002-10-08,0.025840171426428176
2002-10-09,0.026539406085980592
2002-10-10,0.023654276121887457
2002-10-11,0.022488886624655702
2002-10-14,0.022703066588815598
2002-10-15,0.02143058590798719
2002-10-16,0.02267786838055363
2002-10-17,0.02148097992147772
2002-10-18,0.021121913864361627
2002-10-21,0.0208573398867112
2002-10-22,0.021474681570928928
2002-10-23,0.020914034653783917
2002-10-24,0.021436884258535984
2002-10-25,0.01889822365046136
2002-10-28,0.01957226010175181
2002-10-29,0.020328189528376943
2002-10-30,0.01967305053176627
2002-10-31,0.019616355764693547
2002-11-01,0.01845726461801058
2002-11-04,0.01941477490466463
2002-11-05,0.01967305053176627
2002-11-06,0.019358080137591913
2002-11-07,0.0197927396179772
2002-11-08,0.018526558489214286
2002-11-11,0.019717146194708008
2002-11-12,0.019263589259642944
2002-11-13,0.01967935008383176
2002-11-14,0.01806040245001824
2002-11-15,0.016787921769189834
2002-11-18,0.017424162109604038
2002-11-19,0.01726667691251686
2002-11-20,0.015950100568746715
2002-11-21,0.014998889834158157
2002-11-22,0.014589428562034835
2002-11-25,0.015162674583310826
2002-11-26,0.01635956184087004
2002-11-27,0.017165886482502404
2002-11-29,0.017323371679589583
2002-12-02,0.017298173471327616
2002-12-03,0.017846222485858345
2002-12-04,0.01821788764710542
2002-12-05,0.018961217969599573
2002-12-06,0.018192689438843453
2002-12-09,0.01938957789791937
2002-12-10,0.018117097217090962
2002-12-11,0.01748715642874225
2002-12-12,0.017191084690764368
2002-12-13,0.017751731607909375
2002-12-16,0.0165296461420882
2002-12-17,0.016794221321255326
2002-12-18,0.017821025479113076
2002-12-19,0.019030510639286572
2002-12-20,0.016825717880066083
2002-12-23,0.016504449135342936
2002-12-24,0.01668713133917538
2002-12-26,0.017241479905771597
2002-12-27,0.01861474981509776
2002-12-30,0.018658846679556196
2002-12-31,0.018028905891207488
2003-01-02,0.015994196231688455
2003-01-03,0.015546938848688885
2003-01-06,0.01569182494164508
2003-01-07,0.015830411482535785
2003-01-08,0.016082388759088632
2003-01-09,0.015276064117456266
2003-01-10,0.015320159780398003
2003-01-13,0.01568552538957959
2003-01-14,0.015477644977485182
2003-01-15,0.016069789654957648
2003-01-16,0.01575481926078329
2003-01-17,0.016189478741168578
2003-01-21,0.0173800664466623
2003-01-22,0.01827458241417814
2003-01-23,0.01734227033578605
2003-01-24,0.019849434385049918
2003-01-27,0.021852645082724796
2003-01-28,0.020114009564217047
2003-01-29,0.01969194918796274
2003-01-30,0.019729745298838988
2003-01-31,0.019635254420890022
2003-02-03,0.019540763542941056
2003-02-04,0.020636859168969107
2003-02-05,0.020813244223769463
2003-02-06,0.021008524330216185
2003-02-07,0.021424285154404997
2003-02-10,0.021411688453307418
2003-02-11,0.021216405943827295
2003-02-12,0.021625868417467314
2003-02-13,0.021229005047958275
2003-02-14,0.020548667843085632
2003-02-18,0.019597458310013777
2003-02-19,0.019723445746773496
2003-02-20,0.019628954868824534
2003-02-21,0.01905570884754854
2003-02-24,0.0201455061230278
2003-02-25,0.019994320478006117
2003-02-26,0.02012030911628254
2003-02-27,0.01923209270083219
2003-02-28,0.01866514503010499
2003-03-03,0.019169098381693978
2003-03-04,0.020051015245078834
2003-03-05,0.019137600621366522
2003-03-06,0.019761243059166444
2003-03-07,0.0195785596538173
2003-03-10,0.020983328524987622
2003-03-11,0.021172310280885558
2003-03-12,0.021109314760230643
2003-03-13,0.020006919582137097
2003-03-14,0.019515565334679092
2003-03-17,0.020000620030071605
2003-03-18,0.019169098381693978
2003-03-19,0.019868333041246394
2003-03-20,0.01917539793375947
2003-03-21,0.01806040245001824
2003-03-24,0.019143900173432014
2003-03-25,0.01811079766502547
2003-03-26,0.017783228166720132
2003-03-27,0.017613143865501973
2003-03-28,0.01748085687667676
2003-03-31,0.018362773740061615
2003-04-01,0.017865121142054817
2003-04-02,0.017650941177894917
2003-04-03,0.017770629062589152
2003-04-04,0.01835017463593063
2003-04-07,0.017921815909127538
2003-04-08,0.017090293059233208
2003-04-09,0.01707769515661893
2003-04-10,0.01612648442203037
2003-04-11,0.0153957532036672
2003-04-14,0.014746913759122012
2003-04-15,0.014211463848722267
2003-04-16,0.014186266841977003
2003-04-17,0.013543726949497308
2003-04-21,0.01382720078486091
2003-04-22,0.013039774799425018
2003-04-23,0.013102767917046529
2003-04-24,0.012806696179068646
2003-04-25,0.013102767917046529
2003-04-28,0.013127966125308494
2003-04-29,0.013077570910301265
2003-04-30,0.013361043544148165
2003-05-01,0.013600421716570029
2003-05-02,0.01299567793496658
2003-05-05,0.013310648329140936
2003-05-06,0.013102767917046529
2003-05-07,0.013228756555322952
2003-05-08,0.013379942200344639
2003-05-09,0.012403534459010816
2003-05-12,0.012296444476930868
2003-05-13,0.012542120999901521
2003-05-14,0.01259881576697424
2003-05-15,0.012120060623647214
2003-05-16,0.011590910265312962
2003-05-19,0.012920085713214088
2003-05-20,0.013411439960672095
2003-05-21,0.013361043544148165
2003-05-22,0.012460229226083535
2003-05-23,0.012075964960705477
2003-05-27,0.012592516214908749
2003-05-28,0.012617714423170714
2003-05-29,0.012869690498206857
2003-05-30,0.012264946716603409
2003-06-02,0.013134265677373986
2003-06-03,0.013127966125308494
2003-06-04,0.01298937958441779
2003-06-05,0.013121666573243004
2003-06-06,0.01338624175241013
2003-06-09,0.01395318822162063
2003-06-10,0.01300197748703207
2003-06-11,0.012731102755799454
2003-06-12,0.012857091394075875
2003-06-13,0.013014576591163054
2003-06-16,0.012737402307864944
2003-06-17,0.012605115319039732
2003-06-18,0.012447630121952553
2003-06-19,0.012472827128697819
2003-06-20,0.012057066304509003
2003-06-23,0.012964181376155825
2003-06-24,0.013071271358235773
2003-06-25,0.01310906746911202
2003-06-26,0.012220851053661672
2003-06-27,0.012069665408639987
2003-06-30,0.012296444476930868
2003-07-01,0.012258647164537919
2003-07-02,0.011987773634822
2003-07-03,0.012214551501596182
2003-07-07,0.012636611877850486
2003-07-08,0.012271246268668903
2003-07-09,0.011924779315683792
2003-07-10,0.012088564064836459
2003-07-11,0.0116350059282547
2003-07-14,0.012340540139872605
2003-07-15,0.01231534193161064
2003-07-16,0.012447630121952553
2003-07-17,0.012737402307864944
2003-07-18,0.012038168849829231
2003-07-21,0.012460229226083535
2003-07-22,0.012075964960705477
2003-07-23,0.011742095910334647
2003-07-24,0.011716898903589384
2003-07-25,0.011181448993189638
2003-07-28,0.011565713258567697
2003-07-29,0.011760994566531123
2003-07-30,0.01187438410067656
2003-07-31,0.012277545820734393
2003-08-01,0.013071271358235773
2003-08-04,0.013398840856541113
2003-08-05,0.014287057271991461
2003-08-06,0.013543726949497308
2003-08-07,0.01276260051612691
2003-08-08,0.012340540139872605
2003-08-11,0.012441330569887063
2003-08-12,0.01130113807940057
2003-08-13,0.011823988885669334
2003-08-14,0.0116350059282547
2003-08-15,0.011509018491494976
2003-08-18,0.011452323724422257
2003-08-19,0.011250742864393341
2003-08-20,0.011225544656131375
2003-08-21,0.011238143760262357
2003-08-22,0.011685401143261926
2003-08-25,0.012302744028996358
2003-08-26,0.012277545820734393
2003-08-27,0.012050766752443511
2003-08-28,0.01164130548032019
2003-08-29,0.011735796358269157
2003-09-02,0.01198147408275651
2003-09-03,0.012246049261923637
2003-09-04,0.011786191573276384
2003-09-05,0.011446024172356765
2003-09-08,0.011502718939429486
2003-09-09,0.01187438410067656
2003-09-10,0.012605115319039732
2003-09-11,0.012126360175712706
2003-09-12,0.011767294118596613
2003-09-15,0.01214525883190918
2003-09-16,0.01135783284647329
2003-09-17,0.011433425068225783
2003-09-18,0.011068059459044197
2003-09-19,0.011049162004364425
2003-09-22,0.01237833625074885
2003-09-23,0.012264946716603409
2003-09-24,0.013367343096213657
2003-09-25,0.014022482092824333
2003-09-26,0.01400358343662786
2003-09-29,0.013650816931577258
2003-09-30,0.014312254278736725
2003-10-01,0.01327285221826469
2003-10-02,0.013102767917046529
2003-10-03,0.012283845372799885
2003-10-06,0.012290144924865375
2003-10-07,0.012227150605727164
2003-10-08,0.012082264512770969
2003-10-09,0.011855485444480087
2003-10-10,0.011622408025640418
2003-10-13,0.011055460354913215
2003-10-14,0.010942072022284477
2003-10-15,0.011143652882313393
2003-10-16,0.010828682488139035
2003-10-17,0.011099557219371654
2003-10-20,0.01073419161019007
2003-10-21,0.010425519566564503
2003-10-22,0.01113105377818241
2003-10-23,0.0111373533302479
2003-10-24,0.011156250784927673
2003-10-27,0.01137043074908757
2003-10-28,0.010595603867782664
2003-10-29,0.01034992734481201
2003-10-30,0.010286933025673798
2003-10-31,0.010142046932717603
2003-11-03,0.010425519566564503
2003-11-04,0.010425519566564503
2003-11-05,0.01062080207604463
2003-11-06,0.010545208652775435
2003-11-07,0.010664897738986368
2003-11-10,0.011099557219371654
2003-11-11,0.011049162004364425
2003-11-12,0.010551508204840927
2003-11-13,0.010375124351557274
2003-11-14,0.010671197291051858
2003-11-17,0.011716898903589384
2003-11-18,0.012038168849829231
2003-11-19,0.011842886340349105
2003-11-20,0.012271246268668903
2003-11-21,0.011956275874494545
2003-11-24,0.010986167685226214
2003-11-25,0.010526309996578961
2003-11-26,0.010223938706535587
2003-11-28,0.010280633473608308
2003-12-01,0.01056410730897191
2003-12-02,0.010249136914797553
2003-12-03,0.010475914781571732
2003-12-04,0.010268034369477326
2003-12-05,0.010765688169000824
2003-12-08,0.010419221216015713
2003-12-09,0.011105855569920444
2003-12-10,0.011257042416458833
2003-12-11,0.010538909100709945
2003-12-12,0.010337328240681029
2003-12-15,0.0108538794948843
2003-12-16,0.010034956950637655
2003-12-17,0.009814477434412267
2003-12-18,0.01017984304359385
2003-12-19,0.010343627792746519
2003-12-22,0.010671197291051858
2003-12-23,0.010387723455688256
2003-12-24,0.010494813437768206
2003-12-26,0.010992467237291704
2003-12-29,0.010765688169000824
2003-12-30,0.0111373533302479
2003-12-31,0.011534215498240241
2004-01-02,0.01147752073116752
2004-01-05,0.01101766424403697
2004-01-06,0.010538909100709945
2004-01-07,0.009764082219405036
2004-01-08,0.009833375489850388
2004-01-09,0.010551508204840927
2004-01-12,0.010595603867782664
2004-01-13,0.01136413239853878
2004-01-14,0.010551508204840927
2004-01-15,0.009801878931039633
2004-01-16,0.00944911182523068
2004-01-20,0.009581399414814245
2004-01-21,0.009033351001041866
2004-01-22,0.009266429020639887
2004-01-23,0.009348321395216222
2004-01-26,0.009165638590625429
2004-01-27,0.00966959134145607
2004-01-28,0.0105704068610374
2004-01-29,0.01079718472781158
2004-01-30,0.010475914781571732
2004-02-02,0.010778287273131806
2004-02-03,0.010923173366088001
2004-02-04,0.011257042416458833
2004-02-05,0.011156250784927673
2004-02-06,0.010079052613579392
2004-02-09,0.010324729136550045
2004-02-10,0.010041255901944796
2004-02-11,0.009694788948959684
2004-02-12,0.009644393733952455
2004-02-13,0.009814477434412267
2004-02-17,0.009701087900266825
2004-02-18,0.009820776986477757
2004-02-19,0.009953064576061321
2004-02-20,0.010104250821841358
2004-02-23,0.010261736018928536
2004-02-24,0.01001605829444118
2004-02-25,0.009405016162288943
2004-02-26,0.009342021843150732
2004-02-27,0.009165638590625429
2004-03-01,0.009096344719421726
2004-03-02,0.009360919898588855
2004-03-03,0.009165638590625429
2004-03-04,0.009071147111918114
2004-03-05,0.00912154232692534
2004-03-08,0.009946765023995828
2004-03-09,0.010457017326891959
2004-03-10,0.011760994566531123
2004-03-11,0.013020876143228546
2004-03-12,0.01152791594617475
2004-03-15,0.013310648329140936
2004-03-16,0.012812995731134138
2004-03-17,0.011408228061480518
2004-03-18,0.011672803240647647
2004-03-19,0.012063365856574495
2004-03-22,0.013594122164504539
2004-03-23,0.013020876143228546
2004-03-24,0.012479126680763309
2004-03-25,0.011263340767007623
2004-03-26,0.010916873814022511
2004-03-29,0.01039402300775375
2004-03-30,0.010255436466863044
2004-03-31,0.010545208652775435
2004-04-01,0.010488513885702714
2004-04-02,0.009852274146046863
2004-04-05,0.009430213769792556
2004-04-06,0.009650692685259596
2004-04-07,0.009927866968557705
2004-04-08,0.01024283736273206
2004-04-12,0.009625495077755982
2004-04-13,0.010872778151080774
2004-04-14,0.00983967504191588
2004-04-15,0.009915267864426721
2004-04-16,0.009411315113596084
2004-04-19,0.009713687004397809
2004-04-20,0.010501112989833698
2004-04-21,0.009827076538543247
2004-04-22,0.009203434701501678
2004-04-23,0.008825470588947459
2004-04-26,0.009304225732274485
2004-04-27,0.009493207488172417
2004-04-28,0.010261736018928536
2004-04-29,0.010457017326891959
2004-04-30,0.010828682488139035
2004-05-03,0.010469616431022942
2004-05-04,0.010425519566564503
2004-05-05,0.009934166520623197
2004-05-06,0.01074048996073886
2004-05-07,0.011420825964094801
2004-05-10,0.012453929674018045
2004-05-11,0.01169800024739291
2004-05-12,0.011427125516160291
2004-05-13,0.011880683652742053
2004-05-14,0.0116350059282547
2004-05-17,0.012573617558712277
2004-05-18,0.012176755390719935
2004-05-19,0.011924779315683792
2004-05-20,0.011760994566531123
2004-05-21,0.011647605032385681
2004-05-24,0.011389329405284046
2004-05-25,0.01005385500607578
2004-05-26,0.01006015455814127
2004-05-27,0.009625495077755982
2004-05-28,0.009764082219405036
2004-06-01,0.010268034369477326
2004-06-02,0.010129447828586621
2004-06-03,0.010727892058124577
2004-06-04,0.0105704068610374
2004-06-07,0.009694788948959684
2004-06-08,0.009455411377296172
2004-06-09,0.009694788948959684
2004-06-10,0.009474309432734295
2004-06-14,0.01012314827652113
2004-06-15,0.009480608984799787
2004-06-16,0.009316824235647118
2004-06-17,0.009543602703179648
2004-06-18,0.00944281227316519
2004-06-21,0.009612896574383351
2004-06-22,0.009014452945603744
2004-06-23,0.008806571932750987
2004-06-24,0.009329423339778098
2004-06-25,0.009568800310683261
2004-06-28,0.01012314827652113
2004-06-29,0.009745184163966913
2004-06-30,0.009033351001041866
2004-07-01,0.009575099862748751
2004-07-02,0.00949950704023791
2004-07-06,0.01023653781066657
2004-07-07,0.009959364128126811
2004-07-08,0.010205041251855815
2004-07-09,0.009940465471930338
2004-07-12,0.009423914217727066
2004-07-13,0.00910894382355271
2004-07-14,0.008667985391860282
2004-07-15,0.009266429020639887
2004-07-16,0.009033351001041866
2004-07-19,0.00955620180731063
2004-07-20,0.008926261018961917
2004-07-21,0.010337328240681029
2004-07-22,0.009921567416492215
2004-07-23,0.01039402300775375
2004-07-26,0.010897975157826038
2004-07-27,0.010425519566564503
2004-07-28,0.010173543491528358
2004-07-29,0.009877471753550476
2004-07-30,0.009650692685259596
2004-08-02,0.009682189844828703
2004-08-03,0.010097951269775866
2004-08-04,0.010211339602404605
2004-08-05,0.011540515050305731
2004-08-06,0.012183054942785427
2004-08-09,0.011899581107421826
2004-08-10,0.011005065139905986
2004-08-11,0.01136413239853878
2004-08-12,0.012019270193632756
2004-08-13,0.011326335086145833
2004-08-16,0.011068059459044197
2004-08-17,0.010721592506059087
2004-08-18,0.010223938706535587
2004-08-19,0.01068379519366614
2004-08-20,0.010079052613579392
2004-08-23,0.010003459791068548
2004-08-24,0.009656992237325088
2004-08-25,0.009436512721099697
2004-08-26,0.00939241705815796
2004-08-27,0.009266429020639887
2004-08-30,0.00972628550777044
2004-08-31,0.009631794629821472
2004-09-01,0.00939241705815796
2004-09-02,0.008995554289407268
2004-09-03,0.00876247626980925
2004-09-07,0.008863266699823708
2004-09-08,0.008856967748516565
2004-09-09,0.008825470588947459
2004-09-10,0.008667985391860282
2004-09-13,0.008296320230613205
2004-09-14,0.00854199735434221
2004-09-15,0.00922233335769815
2004-09-16,0.009064848160610973
2004-09-17,0.008838069092320091
2004-09-20,0.009090045768114586
2004-09-21,0.00860499107272207
2004-09-22,0.009285327076078011
2004-09-23,0.009323123787712608
2004-09-24,0.008995554289407268
2004-09-27,0.009209734253567168
2004-09-28,0.008712081054802019
2004-09-29,0.008321517838116821
2004-09-30,0.008403410212693155
2004-10-01,0.008031745051446078
2004-10-04,0.008447505875634892
2004-10-05,0.008787673877312862
2004-10-06,0.008365613501058558
2004-10-07,0.009134141431056324
2004-10-08,0.009480608984799787
2004-10-11,0.009266429020639887
2004-10-12,0.009480608984799787
2004-10-13,0.009713687004397809
2004-10-14,0.01034992734481201
2004-10-15,0.009474309432734295
2004-10-18,0.009266429020639887
2004-10-19,0.009531004199807014
2004-10-20,0.009354620947281714
2004-10-21,0.009159339038559939
2004-10-22,0.009625495077755982
2004-10-25,0.010444418222760977
2004-10-26,0.010324729136550045
2004-10-27,0.00990266936105409
2004-10-28,0.009694788948959684
2004-10-29,0.010249136914797553
2004-11-01,0.010249136914797553
2004-11-02,0.010192442147724834
2004-11-03,0.008844368644385583
2004-11-04,0.008800272981443846
2004-11-05,0.00871838060686751
2004-11-08,0.008693182999363896
2004-11-09,0.008573493913152964
2004-11-10,0.008239625463540484
2004-11-11,0.00821442785603687
2004-11-12,0.008397110660627663
2004-11-15,0.00842860782019677
2004-11-16,0.008321517838116821
2004-11-17,0.008321517838116821
2004-11-18,0.008176631144402273
2004-11-19,0.008504200642707613
2004-11-22,0.008170332193095133
2004-11-23,0.00798134983643885
2004-11-24,0.008012846996007955
2004-11-26,0.008050643106884203
2004-11-29,0.008378212605189539
2004-11-30,0.008340415893554942
2004-12-01,0.008170332193095133
2004-12-02,0.008176631144402273
2004-12-03,0.008164032641029642
2004-12-06,0.008308918733985838
2004-12-07,0.00861129062478756
2004-12-08,0.008308918733985838
2004-12-09,0.008113637426022413
2004-12-10,0.008038044603511568
2004-12-13,0.007899457461862514
2004-12-14,0.008019145947315096
2004-12-15,0.007779768976409933
2004-12-16,0.007729373761402705
2004-12-17,0.007527792300615439
2004-12-20,0.007452199478104595
2004-12-21,0.007275816225579294
2004-12-22,0.007212821906441082
2004-12-23,0.007074234764792028
2004-12-27,0.007647481386826371
2004-12-28,0.0075592894601845435
2004-12-29,0.007319911888521031
2004-12-30,0.007912056565993498
2004-12-31,0.008371913053124048
2005-01-03,0.008869566251889198
2005-01-04,0.008806571932750987
2005-01-05,0.008875865803954688
2005-01-06,0.00855459585771484
2005-01-07,0.008497901090642121
2005-01-10,0.008334116341489452
2005-01-11,0.008308918733985838
2005-01-12,0.007912056565993498
2005-01-13,0.008088439818518799
2005-01-14,0.007830164191417162
2005-01-18,0.007855361798920777
2005-01-19,0.008302619782678697
2005-01-20,0.008712081054802019
2005-01-21,0.009045949504414499
2005-01-24,0.00922863230900529
2005-01-25,0.008856967748516565
2005-01-26,0.008466403931073015
2005-01-27,0.008340415893554942
2005-01-28,0.008340415893554942
2005-01-31,0.008075840714387815
2005-02-01,0.007578187515622667
2005-02-02,0.0073451094960246465
2005-02-03,0.007427001870600981
2005-02-04,0.007061636261419395
2005-02-07,0.007389205158966384
2005-02-08,0.0073073133851484
2005-02-09,0.0075592894601845435
2005-02-10,0.0072506186180756795
2005-02-11,0.0072002234030684505
2005-02-14,0.007256918170141171
2005-02-15,0.007099432973053993
2005-02-16,0.006992342990974044
2005-02-17,0.007414403367228348
2005-02-18,0.007042738205981273
2005-02-22,0.008277422175175082
2005-02-23,0.007804966583913549
2005-02-24,0.007288414728951926
2005-02-25,0.007238019513944697
2005-02-28,0.0076096846751917725
2005-03-01,0.007584487067688159
2005-03-02,0.0078742598543589
2005-03-03,0.008145134585591518
2005-03-04,0.007521492748549947
2005-03-07,0.007723074209337213
2005-03-08,0.0078112655352206885
2005-03-09,0.008000247891876972
2005-03-10,0.00786796030229341
2005-03-11,0.008063242211015184
2005-03-14,0.007804966583913549
2005-03-15,0.008283721126482221
2005-03-16,0.008497901090642121
2005-03-17,0.008371913053124048
2005-03-18,0.008277422175175082
2005-03-21,0.008573493913152964
2005-03-22,0.008989255338100128
2005-03-23,0.008856967748516565
2005-03-24,0.008453805427700384
2005-03-28,0.008661685839794792
2005-03-29,0.009127841878990833
2005-03-30,0.008592392569349438
2005-03-31,0.00883177014101295
2005-04-01,0.008875865803954688
2005-04-04,0.00888846430732732
2005-04-05,0.008617590176853053
2005-04-06,0.008283721126482221
2005-04-07,0.007767169872278951
2005-04-08,0.007949852676869745
2005-04-11,0.007546690356053562
2005-04-12,0.007118331028492116
2005-04-13,0.008384512157255032
2005-04-14,0.009153039486494447
2005-04-15,0.011175149441124146
2005-04-18,0.010431819118629995
2005-04-19,0.009423914217727066
2005-04-20,0.010658598186920875
2005-04-21,0.009077446663983604
2005-04-22,0.009688489396894193
2005-04-25,0.009209734253567168
2005-04-26,0.00939241705815796
2005-04-27,0.009367219450654345
2005-04-28,0.01062080207604463
2005-04-29,0.009644393733952455
2005-05-02,0.009524704647741524
2005-05-03,0.009153039486494447
2005-05-04,0.008724680158933002
2005-05-05,0.008806571932750987
2005-05-06,0.008850668196451073
2005-05-09,0.008661685839794792
2005-05-10,0.00939241705815796
2005-05-11,0.00910264427148722
2005-05-12,0.010154646036848586
2005-05-13,0.010280633473608308
2005-05-16,0.009877471753550476
2005-05-17,0.009178237093998062
2005-05-18,0.008586093017283946
2005-05-19,0.008390811108562173
2005-05-20,0.008277422175175082
2005-05-23,0.00815773308896415
2005-05-24,0.007993948339811482
2005-05-25,0.007924655069366128
2005-05-26,0.0077104751052062305
2005-05-27,0.0076537803381335106
2005-05-31,0.008371913053124048
2005-06-01,0.007786067927717075
2005-06-02,0.007458499030170086
2005-06-03,0.0076537803381335106
2005-06-06,0.007735672712709846
2005-06-07,0.007804966583913549
2005-06-08,0.008000247891876972
2005-06-09,0.0076096846751917725
2005-06-10,0.00753409185268093
2005-06-13,0.007338809943959155
2005-06-14,0.007427001870600981
2005-06-15,0.007219121458506573
2005-06-16,0.007023839549784799
2005-06-17,0.007231719961879206
2005-06-20,0.007225421010572065
2005-06-21,0.006979743886843061
2005-06-22,0.006960845831404937
2005-06-23,0.007641181834760879
2005-06-24,0.007672678994329984
2005-06-27,0.007886858958489883
2005-06-28,0.0072947142810174176
2005-06-29,0.007414403367228348
2005-06-30,0.007584487067688159
2005-07-01,0.007181324746871977
2005-07-05,0.0073577086001556284
2005-07-06,0.007729373761402705
2005-07-07,0.00786796030229341
2005-07-08,0.007212821906441082
2005-07-11,0.007105731924361133
2005-07-12,0.006897851512266726
2005-07-13,0.006828558241821375
2005-07-14,0.006809660186383251
2005-07-15,0.006507288295581527
2005-07-18,0.006784462578879637
2005-07-19,0.006582881118092371
2005-07-20,0.006444293976443316
2005-07-21,0.006910450616397708
2005-07-22,0.006626977381792459
2005-07-25,0.006992342990974044
2005-07-26,0.006923049119770341
2005-07-27,0.006526186351019651
2005-07-28,0.006626977381792459
2005-07-29,0.007288414728951926
2005-08-01,0.0076096846751917725
2005-08-02,0.007401804263097366
2005-08-03,0.007452199478104595
2005-08-04,0.007886858958489883
2005-08-05,0.007861660750227917
2005-08-08,0.008321517838116821
2005-08-09,0.0078112655352206885
2005-08-10,0.007798667031848058
2005-08-11,0.007823864639351672
2005-08-12,0.008025445499380586
2005-08-15,0.007723074209337213
2005-08-16,0.008516799746838595
2005-08-17,0.008378212605189539
2005-08-18,0.008453805427700384
2005-08-19,0.008453805427700384
2005-08-22,0.008453805427700384
2005-08-23,0.008403410212693155
2005-08-24,0.008926261018961917
2005-08-25,0.008649086735663808
2005-08-26,0.008642787784356667
2005-08-29,0.008516799746838595
2005-08-30,0.008598691520656579
2005-08-31,0.00793725417349711
2005-09-01,0.008283721126482221
2005-09-02,0.00854829630564935
2005-09-06,0.008145134585591518
2005-09-07,0.007886858958489883
2005-09-08,0.008145134585591518
2005-09-09,0.007546690356053562
2005-09-12,0.007338809943959155
2005-09-13,0.007804966583913549
2005-09-14,0.008132535481460536
2005-09-15,0.00786796030229341
2005-09-16,0.007067935813484887
2005-09-19,0.007647481386826371
2005-09-20,0.007962451781000726
2005-09-21,0.008686883447298404
2005-09-22,0.008397110660627663
2005-09-23,0.008164032641029642
2005-09-26,0.00821442785603687
2005-09-27,0.008038044603511568
2005-09-28,0.007956152228935235
2005-09-29,0.0077104751052062305
2005-09-30,0.0075088942451773145
2005-10-03,0.007849062246855287
2005-10-04,0.008315218286051328
2005-10-05,0.009165638590625429
2005-10-06,0.009423914217727066
2005-10-07,0.009190836198129044
2005-10-10,0.009795579378974142
2005-10-11,0.00984597459398137
2005-10-12,0.010217639154470095
2005-10-13,0.010375124351557274
2005-10-14,0.009367219450654345
2005-10-17,0.009241231413136274
2005-10-18,0.009656992237325088
2005-10-19,0.008504200642707613
2005-10-20,0.010148346484783095
2005-10-21,0.010160944387397376
2005-10-24,0.009285327076078011
2005-10-25,0.009153039486494447
2005-10-26,0.009190836198129044
2005-10-27,0.010091651717710376
2005-10-28,0.008976656233969146
2005-10-31,0.009650692685259596
2005-11-01,0.009354620947281714
2005-11-02,0.008491601538576631
2005-11-03,0.008189230248533257
2005-11-04,0.008296320230613205
2005-11-07,0.008252224567671468
2005-11-08,0.008239625463540484
2005-11-09,0.008063242211015184
2005-11-10,0.007496295141046333
2005-11-11,0.007326211440586523
2005-11-14,0.007672678994329984
2005-11-15,0.0077041755531407395
2005-11-16,0.007723074209337213
2005-11-17,0.007086833868923011
2005-11-18,0.007004941494346675
2005-11-21,0.006815959137690392
2005-11-22,0.006677372596799688
2005-11-23,0.006904151064332217
2005-11-25,0.006853755849324989
2005-11-28,0.007458499030170086
2005-11-29,0.007489996189739192
2005-11-30,0.007597086171819142
2005-12-01,0.007080534316857519
2005-12-02,0.006935648223901324
2005-12-05,0.0073073133851484
2005-12-06,0.007256918170141171
2005-12-07,0.007672678994329984
2005-12-08,0.007691577049768108
2005-12-09,0.007364007551462769
2005-12-12,0.007225421010572065
2005-12-13,0.0069986419422811835
2005-12-14,0.006601779173530493
2005-12-15,0.006759264370617671
2005-12-16,0.006727767811806917
2005-12-19,0.007168726243499344
2005-12-20,0.0070490371572884125
2005-12-21,0.006809660186383251
2005-12-22,0.006482090688077913
2005-12-23,0.00646949218470528
2005-12-27,0.007288414728951926
2005-12-28,0.0071498281880612215
2005-12-29,0.00731361233645554
2005-12-30,0.007603385123126282
2006-01-03,0.007017540598477658
2006-01-04,0.007162426691433853
2006-01-05,0.007124630580557607
2006-01-06,0.006929348671835832
2006-01-09,0.007011241046412166
2006-01-10,0.0068411567451940065
2006-01-11,0.0068915519602012355
2006-01-12,0.007055336709353904
2006-01-13,0.007074234764792028
2006-01-17,0.007502594693111824
2006-01-18,0.007716774657271722
2006-01-19,0.007546690356053562
2006-01-20,0.009171938142690923
2006-01-23,0.008775075373940231
2006-01-24,0.008384512157255032
2006-01-25,0.008107337873956922
2006-01-26,0.007823864639351672
2006-01-27,0.007540391404746421
2006-01-30,0.007804966583913549
2006-01-31,0.00815773308896415
2006-02-01,0.007786067927717075
2006-02-02,0.008334116341489452
2006-02-03,0.008164032641029642
2006-02-06,0.00821442785603687
2006-02-07,0.008560895409780334
2006-02-08,0.008082140266453307
2006-02-09,0.0082648230710441
2006-02-10,0.008107337873956922
2006-02-13,0.008409709764758645
2006-02-14,0.007716774657271722
2006-02-15,0.00775457136890632
2006-02-16,0.007231719961879206
2006-02-17,0.007565589012250035
2006-02-21,0.00781756508728618
2006-02-22,0.007483696637673701
2006-02-23,0.00747739708560821
2006-02-24,0.007219121458506573
2006-02-27,0.0073010138330829085
2006-02-28,0.007773469424344442
2006-03-01,0.007269516673513802
2006-03-02,0.007382906207659243
2006-03-03,0.00753409185268093
2006-03-06,0.008025445499380586
2006-03-07,0.007975050284373357
2006-03-08,0.0077608703202134595
2006-03-09,0.007987649388504341
2006-03-10,0.007464798582235577
2006-03-13,0.007162426691433853
2006-03-14,0.006765563922683163
2006-03-15,0.0071498281880612215
2006-03-16,0.007546690356053562
2006-03-17,0.007634882282695388
2006-03-20,0.007427001870600981
2006-03-21,0.007319911888521031
2006-03-22,0.007061636261419395
2006-03-23,0.007036438653915782
2006-03-24,0.0070490371572884125
2006-03-27,0.007219121458506573
2006-03-28,0.0072947142810174176
2006-03-29,0.006897851512266726
2006-03-30,0.007288414728951926
2006-03-31,0.007175025795564836
2006-04-03,0.007288414728951926
2006-04-04,0.007017540598477658
2006-04-05,0.007011241046412166
2006-04-06,0.007212821906441082
2006-04-07,0.007723074209337213
2006-04-10,0.007678977945637125
2006-04-11,0.008189230248533257
2006-04-12,0.008038044603511568
2006-04-13,0.007798667031848058
2006-04-17,0.007924655069366128
2006-04-18,0.007181324746871977
2006-04-19,0.007130929531864748
2006-04-20,0.007332510992652014
2006-04-21,0.0073010138330829085
2006-04-24,0.007401804263097366
2006-04-25,0.007401804263097366
2006-04-26,0.0074081038151628574
2006-04-27,0.007458499030170086
2006-04-28,0.0073010138330829085
2006-05-01,0.007899457461862514
2006-05-02,0.007552989908119053
2006-05-03,0.007552989908119053
2006-05-04,0.007471097533542718
2006-05-05,0.007319911888521031
2006-05-08,0.0075592894601845435
2006-05-09,0.007552989908119053
2006-05-10,0.007420702318535489
2006-05-11,0.00786796030229341
2006-05-12,0.00893885952233455
2006-05-15,0.00854829630564935
2006-05-16,0.008409709764758645
2006-05-17,0.01024283736273206
2006-05-18,0.010702693849862614
2006-05-19,0.010822382936073544
2006-05-22,0.011162550336993165
2006-05-23,0.011502718939429486
2006-05-24,0.010935772470218985
2006-05-25,0.009764082219405036
2006-05-26,0.008982955786034637
2006-05-30,0.01175469501446563
2006-05-31,0.0103562268968775
2006-06-01,0.009146740535187306
2006-06-02,0.009020751896910883
2006-06-05,0.010488513885702714
2006-06-06,0.010923173366088001
2006-06-07,0.011212945552000394
2006-06-08,0.011559413706502207
2006-06-09,0.011414527613546012
2006-06-12,0.013203558347060987
2006-06-13,0.014998889834158157
2006-06-14,0.013518528741235342
2006-06-15,0.01001605829444118
2006-06-16,0.01086647859901528
2006-06-19,0.011231844208196867
2006-06-20,0.01051371209396468
2006-06-21,0.009776681323536018
2006-06-22,0.010003459791068548
2006-06-23,0.01000975934313404
2006-06-26,0.00983967504191588
2006-06-27,0.010331028688615537
2006-06-28,0.009946765023995828
2006-06-29,0.00820812830397138
2006-06-30,0.008239625463540484
2006-07-03,0.008220727408102363
2006-07-05,0.008913661914830935
2006-07-06,0.008598691520656579
2006-07-07,0.008800272981443846
2006-07-10,0.00883177014101295
2006-07-11,0.008277422175175082
2006-07-12,0.009127841878990833
2006-07-13,0.011206647201451604
2006-07-14,0.01137043074908757
2006-07-17,0.011742095910334647
2006-07-18,0.011175149441124146
2006-07-19,0.009795579378974142
2006-07-20,0.010211339602404605
2006-07-21,0.010960969476964249
2006-07-24,0.009436512721099697
2006-07-25,0.009354620947281714
2006-07-26,0.009209734253567168
2006-07-27,0.009411315113596084
2006-07-28,0.009027051448976375
2006-07-31,0.009417614665661574
2006-08-01,0.009480608984799787
2006-08-02,0.009033351001041866
2006-08-03,0.00910894382355271
2006-08-04,0.009033351001041866
2006-08-07,0.009593997918186875
2006-08-08,0.009593997918186875
2006-08-09,0.009575099862748751
2006-08-10,0.00910894382355271
2006-08-11,0.009008153393538252
2006-08-14,0.008982955786034637
2006-08-15,0.008453805427700384
2006-08-16,0.00781756508728618
2006-08-17,0.0077104751052062305
2006-08-18,0.007332510992652014
2006-08-21,0.0076978766018336
2006-08-22,0.007678977945637125
2006-08-23,0.0078112655352206885
2006-08-24,0.0078112655352206885
2006-08-25,0.00775457136890632
2006-08-28,0.007672678994329984
2006-08-29,0.007735672712709846
2006-08-30,0.0076978766018336
2006-08-31,0.00775457136890632
2006-09-01,0.00753409185268093
2006-09-05,0.007956152228935235
2006-09-06,0.008655386287729298
2006-09-07,0.008743578214371125
2006-09-08,0.008290020678547715
2006-09-11,0.008182930696467765
2006-09-12,0.0075088942451773145
2006-09-13,0.007042738205981273
2006-09-14,0.007275816225579294
2006-09-15,0.0074081038151628574
2006-09-18,0.007420702318535489
2006-09-19,0.007546690356053562
2006-09-20,0.007175025795564836
2006-09-21,0.007716774657271722
2006-09-22,0.00793095462143162
2006-09-25,0.007634882282695388
2006-09-26,0.007263217121448311
2006-09-27,0.0072947142810174176
2006-09-28,0.007382906207659243
2006-09-29,0.007546690356053562
2006-10-02,0.007918355517300638
2006-10-03,0.0077104751052062305
2006-10-04,0.007471097533542718
2006-10-05,0.007546690356053562
2006-10-06,0.007282115777644785
2006-10-09,0.0073577086001556284
2006-10-10,0.007256918170141171
2006-10-11,0.007319911888521031
2006-10-12,0.006986043438908553
2006-10-13,0.006771863474748654
2006-10-16,0.006986043438908553
2006-10-17,0.007389205158966384
2006-10-18,0.007143528635995731
2006-10-19,0.006866354352697621
2006-10-20,0.006696270652237811
2006-10-23,0.006979743886843061
2006-10-24,0.0067907615301867775
2006-10-25,0.006715168707675934
2006-10-26,0.006652174989296073
2006-10-27,0.00680336063431776
2006-10-30,0.007055336709353904
2006-10-31,0.006992342990974044
2006-11-01,0.0072506186180756795
2006-11-02,0.00719392385100296
2006-11-03,0.00703013910185029
2006-11-06,0.00703013910185029
2006-11-07,0.006986043438908553
2006-11-08,0.006771863474748654
2006-11-09,0.006935648223901324
2006-11-10,0.006797061082252269
2006-11-13,0.0068411567451940065
2006-11-14,0.006614378277661476
2006-11-15,0.006494689792208895
2006-11-16,0.006400198313501578
2006-11-17,0.006330905043056226
2006-11-20,0.006280509828048997
2006-11-21,0.006236413564348909
2006-11-22,0.0063875998101289464
2006-11-24,0.006759264370617671
2006-11-27,0.007748271816840829
2006-11-28,0.007319911888521031
2006-11-29,0.006822258689755883
2006-11-30,0.006872653904763112
2006-12-01,0.0073451094960246465
2006-12-04,0.007074234764792028
2006-12-05,0.007099432973053993
2006-12-06,0.00713722908393024
2006-12-07,0.00798134983643885
2006-12-08,0.007603385123126282
2006-12-11,0.00674666586724504
2006-12-12,0.006708869155610442
2006-12-13,0.00641279741763256
2006-12-14,0.006280509828048997
2006-12-15,0.006330905043056226
2006-12-18,0.006677372596799688
2006-12-19,0.006488390240143404
2006-12-20,0.006463192632639789
2006-12-21,0.0066332763330996
2006-12-22,0.007156127139368362
2006-12-26,0.007093133420988502
2006-12-27,0.006702570204303302
2006-12-28,0.006923049119770341
2006-12-29,0.007282115777644785
2007-01-03,0.007584487067688159
2007-01-04,0.0072506186180756795
2007-01-05,0.007647481386826371
2007-01-08,0.0075592894601845435
2007-01-09,0.007502594693111824
2007-01-10,0.007225421010572065
2007-01-11,0.006847456297259498
2007-01-12,0.006393898761436087
2007-01-16,0.006765563922683163
2007-01-17,0.006671073044734196
2007-01-18,0.006834857793886866
2007-01-19,0.006551383958523264
2007-01-22,0.006784462578879637
2007-01-23,0.006513587847647018
2007-01-24,0.006230114613041768
2007-01-25,0.007067935813484887
2007-01-26,0.007011241046412166
2007-01-29,0.007212821906441082
2007-01-30,0.006904151064332217
2007-01-31,0.006563983062654247
2007-02-01,0.006494689792208895
2007-02-02,0.006349803098494349
2007-02-05,0.006645875437230582
2007-02-06,0.006708869155610442
2007-02-07,0.006500988743516035
2007-02-08,0.00657658156602688
2007-02-09,0.006992342990974044
2007-02-12,0.00731361233645554
2007-02-13,0.006513587847647018
2007-02-14,0.006444293976443316
2007-02-15,0.0064379950251361754
2007-02-16,0.006312006987618103
2007-02-20,0.006450593528508806
2007-02-21,0.006425395921005193
2007-02-22,0.00641279741763256
2007-02-23,0.006664773492668705
2007-02-26,0.007023839549784799
2007-02-27,0.011534215498240241
2007-02-28,0.009713687004397809
2007-03-01,0.009965663079433952
2007-03-02,0.011723198455654876
2007-03-05,0.012365737146617867
2007-03-06,0.01005385500607578
2007-03-07,0.009600297470252367
2007-03-08,0.009001853841472762
2007-03-09,0.008875865803954688
2007-03-12,0.008812871484816477
2007-03-13,0.011420825964094801
2007-03-14,0.010879077703146264
2007-03-15,0.01034992734481201
2007-03-16,0.010576706413102892
2007-03-19,0.009190836198129044
2007-03-20,0.008359314549751418
2007-03-21,0.007678977945637125
2007-03-22,0.008145134585591518
2007-03-23,0.00815773308896415
2007-03-26,0.008290020678547715
2007-03-27,0.008491601538576631
2007-03-28,0.009436512721099697
2007-03-29,0.009537303751872506
2007-03-30,0.00922233335769815
2007-04-02,0.009153039486494447
2007-04-03,0.008479003035203997
2007-04-04,0.008340415893554942
2007-04-05,0.008334116341489452
2007-04-09,0.008277422175175082
2007-04-10,0.007987649388504341
2007-04-11,0.008497901090642121
2007-04-12,0.008006547443942464
2007-04-13,0.007685277497702617
2007-04-16,0.007546690356053562
2007-04-17,0.007647481386826371
2007-04-18,0.007823864639351672
2007-04-19,0.007899457461862514
2007-04-20,0.007603385123126282
2007-04-23,0.00821442785603687
2007-04-24,0.0082648230710441
2007-04-25,0.008321517838116821
2007-04-26,0.008056942658949693
2007-04-27,0.007842762694789795
2007-04-30,0.008957758178531023
2007-05-01,0.008510500194773103
2007-05-02,0.008239625463540484
2007-05-03,0.008245925015605976
2007-05-04,0.008132535481460536
2007-05-07,0.008283721126482221
2007-05-08,0.008321517838116821
2007-05-09,0.008113637426022413
2007-05-10,0.008567194961845824
2007-05-11,0.00815773308896415
2007-05-14,0.008793973429378354
2007-05-15,0.008825470588947459
2007-05-16,0.008504200642707613
2007-05-17,0.008510500194773103
2007-05-18,0.008038044603511568
2007-05-21,0.008378212605189539
2007-05-22,0.008227026960167853
2007-05-23,0.008340415893554942
2007-05-24,0.008869566251889198
2007-05-25,0.008403410212693155
2007-05-29,0.008523098698145735
2007-05-30,0.008082140266453307
2007-05-31,0.008220727408102363
2007-06-01,0.008050643106884203
2007-06-04,0.008371913053124048
2007-06-05,0.008586093017283946
2007-06-06,0.009367219450654345
2007-06-07,0.01074678951280435
2007-06-08,0.009348321395216222
2007-06-11,0.009266429020639887
2007-06-12,0.010501112989833698
2007-06-13,0.00927902752401252
2007-06-14,0.008592392569349438
2007-06-15,0.00878137432524737
2007-06-18,0.008453805427700384
2007-06-19,0.008094739370584289
2007-06-20,0.009241231413136274
2007-06-21,0.008951458626465531
2007-06-22,0.009921567416492215
2007-06-25,0.010488513885702714
2007-06-26,0.011899581107421826
2007-06-27,0.00978298027484316
2007-06-28,0.00978927982690865
2007-06-29,0.010223938706535587
2007-07-02,0.009701087900266825
2007-07-03,0.009398716610223451
2007-07-05,0.009751483115274054
2007-07-06,0.00927272857270538
2007-07-09,0.009549902255245138
2007-07-10,0.011068059459044197
2007-07-11,0.010482214333637224
2007-07-12,0.00978927982690865
2007-07-13,0.009543602703179648
2007-07-16,0.009820776986477757
2007-07-17,0.00984597459398137
2007-07-18,0.010079052613579392
2007-07-19,0.009593997918186875
2007-07-20,0.01067749684311735
2007-07-23,0.010589304315717172
2007-07-24,0.011685401143261926
2007-07-25,0.011401928509415028
2007-07-26,0.013064971806170283
2007-07-27,0.015225668902449039
2007-07-30,0.01314686478150497
2007-07-31,0.014816207630325715
2007-08-01,0.014910698508274681
2007-08-02,0.013367343096213657
2007-08-03,0.015849310138732257
2007-08-06,0.01445084202114413
2007-08-07,0.013581523060373555
2007-08-08,0.013512230390686553
2007-08-09,0.016680831787109884
2007-08-10,0.01782732382966187
2007-08-13,0.016737526554182605
2007-08-14,0.01743676121373502
2007-08-15,0.019320284026715664
2007-08-16,0.019421074456730122
2007-08-17,0.01889192409839587
2007-08-20,0.016586340909160918
2007-08-21,0.015906004905804978
2007-08-22,0.014419344260816674
2007-08-23,0.014249261161115214
2007-08-24,0.013052372702039301
2007-08-27,0.014312254278736725
2007-08-28,0.016567442252964443
2007-08-29,0.014998889834158157
2007-08-30,0.015786315819594048
2007-08-31,0.014728015102925538
2007-09-04,0.014350051591129672
2007-09-05,0.015483944529550674
2007-09-06,0.015112279368303597
2007-09-07,0.016523346590022706
2007-09-10,0.017247778256320383
2007-09-11,0.015918604009935958
2007-09-12,0.015723321500455835
2007-09-13,0.015597334063696115
2007-09-14,0.015698124493710573
2007-09-17,0.016680831787109884
2007-09-18,0.01281929528319963
2007-09-19,0.012617714423170714
2007-09-20,0.012882289602337841
2007-09-21,0.011968874978625529
2007-09-24,0.0122019535989819
2007-09-25,0.011716898903589384
2007-09-26,0.011105855569920444
2007-09-27,0.010708993401928105
2007-09-28,0.011338934190276815
2007-10-01,0.011238143760262357
2007-10-02,0.011647605032385681
2007-10-03,0.011842886340349105
2007-10-04,0.011616108473574928
2007-10-05,0.010652298634855385
2007-10-08,0.010998765587840494
2007-10-09,0.010154646036848586
2007-10-10,0.010501112989833698
2007-10-11,0.011893281555356336
2007-10-12,0.011168849889058655
2007-10-15,0.012126360175712706
2007-10-16,0.012611414871105224
2007-10-17,0.011679102792713137
2007-10-18,0.011653904584451173
2007-10-19,0.014463439923758412
2007-10-22,0.013631918275380784
2007-10-23,0.012857091394075875
2007-10-24,0.013102767917046529
2007-10-25,0.013335846537402902
2007-10-26,0.01232164148367613
2007-10-29,0.012516923993156256
2007-10-30,0.01327285221826469
2007-10-31,0.011672803240647647
2007-11-01,0.01462092512084559
2007-11-02,0.014494937684085867
2007-11-05,0.015313860228332513
2007-11-06,0.013474433078293605
2007-11-07,0.01668713133917538
2007-11-08,0.01647925092708097
2007-11-09,0.01795331246793829
2007-11-12,0.019584859205882793
2007-11-13,0.0151815732395073
2007-11-14,0.016340664386190265
2007-11-15,0.017676138184640183
2007-11-16,0.016057190550826664
2007-11-19,0.016384760049132002
2007-11-20,0.015672926285448606
2007-11-21,0.016907610855400768
2007-11-23,0.01613278397409586
2007-11-26,0.018211588095039928
2007-11-27,0.016554844350350165
2007-11-28,0.015187872791572792
2007-11-29,0.015099680264172615
2007-11-30,0.014406746358202393
2007-12-03,0.014872902397398434
2007-12-04,0.014986291931543876
2007-12-05,0.014192566394042493
2007-12-06,0.013203558347060987
2007-12-07,0.013134265677373986
2007-12-10,0.013064971806170283
2007-12-11,0.014860303293267452
2007-12-12,0.014154769081649546
2007-12-13,0.014211463848722267
2007-12-14,0.014658722433238538
2007-12-17,0.015446148418674427
2007-12-18,0.014261859063729496
2007-12-19,0.01365711648364275
2007-12-20,0.012964181376155825
2007-12-21,0.0116350059282547
2007-12-24,0.011716898903589384
2007-12-26,0.01175469501446563
2007-12-27,0.01276260051612691
2007-12-28,0.013064971806170283
2007-12-31,0.014173667737846021
2008-01-02,0.014595728114100325
2008-01-03,0.014167368185780528
2008-01-04,0.015080782809492842
2008-01-07,0.014986291931543876
2008-01-08,0.01601939443995042
2008-01-09,0.015194172343638283
2008-01-10,0.014772111967383976
2008-01-11,0.014916998060340173
2008-01-14,0.014425643812882165
2008-01-15,0.014702818096180275
2008-01-16,0.01535795589127425
2008-01-17,0.017928114259676324
2008-01-18,0.017121790819560667
2008-01-22,0.019534463990875564
2008-01-23,0.018280881966243633
2008-01-24,0.01749975553287323
2008-01-25,0.018318678077119878
2008-01-28,0.01749975553287323
2008-01-29,0.01720998214544414
2008-01-30,0.017398965102858776
2008-01-31,0.016504449135342936
2008-02-01,0.01513117802450007
2008-02-04,0.016372160945001022
2008-02-05,0.01778952771878562
2008-02-06,0.018249384205916177
2008-02-07,0.017424162109604038
2008-02-08,0.01764464162582943
2008-02-11,0.017386365998727792
2008-02-12,0.016586340909160918
2008-02-13,0.015672926285448606
2008-02-14,0.016088688311154124
2008-02-15,0.015761118812848782
2008-02-19,0.016120184869964874
2008-02-20,0.015370554995405234
2008-02-21,0.015824113131986995
2008-02-22,0.015156375031245334
2008-02-25,0.01450753678821685
2008-02-26,0.013795703024533453
2008-02-27,0.014293356824056951
2008-02-28,0.014822507182391207
2008-02-29,0.016718629099502835
2008-03-03,0.016554844350350165
2008-03-04,0.016076089207023136
2008-03-05,0.015496543633681657
2008-03-06,0.017354868238400337
2008-03-07,0.017317072127524088
2008-03-10,0.01850765983301781
2008-03-11,0.016605239565357394
2008-03-12,0.01714698782630593
2008-03-13,0.017191084690764368
2008-03-14,0.019628954868824534
2008-03-17,0.020309292073697173
2008-03-18,0.0162461735082413
2008-03-19,0.018797433220446903
2008-03-20,0.016769024314510064
2008-03-24,0.01620837619584835
2008-03-25,0.01620207664378286
2008-03-26,0.01642885571207374
2008-03-27,0.01630286707379732
2008-03-28,0.016195777091717368
2008-03-31,0.01613278397409586
2008-04-01,0.014287057271991461
2008-04-02,0.014759512863252994
2008-04-03,0.01462092512084559
2008-04-04,0.014142171179035266
2008-04-07,0.01412327252283879
2008-04-08,0.014085476411962545
2008-04-09,0.014368949045809444
2008-04-10,0.013846098239540682
2008-04-11,0.014778410317932767
2008-04-14,0.015005189386223647
2008-04-15,0.014350051591129672
2008-04-16,0.01293268481734507
2008-04-17,0.012831894387330612
2008-04-18,0.012680707540792225
2008-04-21,0.012913786161148596
2008-04-22,0.01314686478150497
2008-04-23,0.01276260051612691
2008-04-24,0.012636611877850486
2008-04-25,0.012340540139872605
2008-04-28,0.01237203669868336
2008-04-29,0.012750001411995927
2008-04-30,0.013096469566497739
2008-05-01,0.011893281555356336
2008-05-02,0.011452323724422257
2008-05-05,0.011905880659487316
2008-05-06,0.011471221179102029
2008-05-07,0.01242873146575608
2008-05-08,0.012220851053661672
2008-05-09,0.012227150605727164
2008-05-12,0.011206647201451604
2008-05-13,0.011326335086145833
2008-05-14,0.011124754226116917
2008-05-15,0.010268034369477326
2008-05-16,0.010375124351557274
2008-05-19,0.010715292953993595
2008-05-20,0.01107435901110969
2008-05-21,0.011710599351523892
2008-05-22,0.01137043074908757
2008-05-23,0.01231534193161064
2008-05-27,0.01237203669868336
2008-05-28,0.012012970641567266
2008-05-29,0.011427125516160291
2008-05-30,0.011231844208196867
2008-06-02,0.01249172578489429
2008-06-03,0.012750001411995927
2008-06-04,0.013102767917046529
2008-06-05,0.011735796358269157
2008-06-06,0.014841404637070978
2008-06-09,0.01456423155528957
2008-06-10,0.014602027666165817
2008-06-11,0.015194172343638283
2008-06-12,0.014696518544114783
2008-06-13,0.013367343096213657
2008-06-16,0.013197259996512197
2008-06-17,0.013310648329140936
2008-06-18,0.01400988298869335
2008-06-19,0.013594122164504539
2008-06-20,0.014406746358202393
2008-06-23,0.014261859063729496
2008-06-24,0.01412327252283879
2008-06-25,0.013316947881206426
2008-06-26,0.01507448325742735
2008-06-27,0.014765812415318486
2008-06-30,0.015087082361558334
2008-07-01,0.014898099404143699
2008-07-02,0.016328065282059285
2008-07-03,0.015609933167827097
2008-07-07,0.01623987395617581
2008-07-08,0.014583129009969343
2008-07-09,0.015893405801673994
2008-07-10,0.016120184869964874
2008-07-11,0.017317072127524088
2008-07-14,0.01794071336380731
2008-07-15,0.017978510676200255
2008-07-16,0.01581151402785601
2008-07-17,0.01575481926078329
2008-07-18,0.015150075479179842
2008-07-21,0.014520134690831132
2008-07-22,0.013342146089468392
2008-07-23,0.013424037863286378
2008-07-24,0.014765812415318486
2008-07-25,0.014431943364947656
2008-07-28,0.015263465013325284
2008-07-29,0.013877595999868137
2008-07-30,0.013361043544148165
2008-07-31,0.01445084202114413
2008-08-01,0.014217763400787758
2008-08-04,0.014797308974129241
2008-08-05,0.013316947881206426
2008-08-06,0.012743701859930437
2008-08-07,0.01332324743327192
2008-08-08,0.013014576591163054
2008-08-11,0.012674409190243435
2008-08-12,0.013335846537402902
2008-08-13,0.013575223508308063
2008-08-14,0.012812995731134138
2008-08-15,0.012334240587807114
2008-08-18,0.013216157451191968
2008-08-19,0.013405140408606605
2008-08-20,0.012863390946141367
2008-08-21,0.0124854262328288
2008-08-22,0.011849185892414597
2008-08-25,0.013209857899126478
2008-08-26,0.012907486609083104
2008-08-27,0.012447630121952553
2008-08-28,0.012239749709858147
2008-08-29,0.013008277039097562
2008-09-02,0.013852397791606172
2008-09-03,0.01349963128655557
2008-09-04,0.015137477576565563
2008-09-05,0.014526434242896622
2008-09-08,0.014261859063729496
2008-09-09,0.01604459144669568
2008-09-10,0.015446148418674427
2008-09-11,0.015364255443339742
2008-09-12,0.016164280532906614
2008-09-15,0.01996912347126085
2008-09-16,0.019087205406359296
2008-09-17,0.022816456122961036
2008-09-18,0.020851039133129006
2008-09-19,0.02020220089010052
2008-09-22,0.021323494724390542
2008-09-23,0.022501485728786682
2008-09-24,0.02216761547689915
2008-09-25,0.020674656481362057
2008-09-26,0.021884144044568954
2008-09-29,0.029430834400622514
2008-09-30,0.024813367268570422
2008-10-01,0.02507794364925425
2008-10-02,0.028511119023328008
2008-10-03,0.028435526801575517
2008-10-06,0.03278841755294378
2008-10-07,0.033815221710801535
2008-10-08,0.03624049278473072
2008-10-09,0.04026581403779364
2008-10-10,0.04406435622256568
2008-10-13,0.034640445008630366
2008-10-14,0.03472863633451385
2008-10-15,0.04362339959314831
2008-10-16,0.04259029708474176
2008-10-17,0.04430373679802095
2008-10-20,0.033367964327801966
2008-10-21,0.03345615565368544
2008-10-22,0.04387537686970115
2008-10-23,0.0427099873724694
2008-10-24,0.04984721285184953
2008-10-27,0.05043305797725651
2008-10-28,0.04218083461110174
2008-10-29,0.04407065697614788
2008-10-30,0.039623276548347346
2008-10-31,0.03772715342971902
2008-11-03,0.033815221710801535
2008-11-04,0.030067073539520015
2008-11-05,0.03436957027739775
2008-11-06,0.04011462959428865
2008-11-07,0.03533967726514938
2008-11-10,0.03778384819679174
2008-11-11,0.038703561171052836
2008-11-12,0.04186586421692738
2008-11-13,0.03768935852035948
2008-11-14,0.04177137213746172
2008-11-17,0.043560406475526794
2008-11-18,0.04260919453942154
2008-11-19,0.04677940428847406
2008-11-20,0.0509370125303622
2008-11-21,0.04577779593584487
2008-11-24,0.040757167083734946
2008-11-25,0.03836339497164992
2008-11-26,0.03459634694265523
2008-11-28,0.034823126010946115
2008-12-01,0.04315724475546896
2008-12-02,0.039673670561837876
2008-12-03,0.03825000543750448
2008-12-04,0.04008943138602669
2008-12-05,0.037752351637980984
2008-12-08,0.03684523776785086
2008-12-09,0.037109811745501285
2008-12-10,0.03510659984630971
2008-12-11,0.03513809640512047
2008-12-12,0.0341931852225974
2008-12-15,0.0357554380893382
2008-12-16,0.0329899984129727
2008-12-17,0.031396248987421146
2008-12-18,0.029821397016549362
2008-12-19,0.028303239812750305
2008-12-22,0.028070162393910632
2008-12-23,0.028359934579823023
2008-12-24,0.027849681676168542
2008-12-26,0.027326832071416483
2008-12-29,0.02765440156972182
2008-12-30,0.026224435691806235
2008-12-31,0.02519763153394848
2009-01-02,0.024687378630293997
2009-01-05,0.0246180871621237
2009-01-06,0.02429051766381836
2009-01-07,0.02733313042196527
2009-01-08,0.02681028081721321
2009-01-09,0.026974064364849174
2009-01-12,0.028876485834026293
2009-01-13,0.027257538200212778
2009-01-14,0.030955289954970364
2009-01-15,0.03212698020578431
2009-01-16,0.029046570135244455
2009-01-20,0.0356861466211679
2009-01-21,0.02924185024169118
2009-01-22,0.029789900457738605
2009-01-23,0.029777301353607625
2009-01-26,0.028781993754560625
2009-01-27,0.026614998307733083
2009-01-28,0.02498345156978858
2009-01-29,0.026854376480154946
2009-01-30,0.02824654504567758
2009-02-02,0.028674904973997377
2009-02-03,0.027125251211387567
2009-02-04,0.02762290260787766
2009-02-05,0.02754731038612517
2009-02-06,0.02732053131783429
2009-02-09,0.027490615619052448
2009-02-10,0.02939933543877836
2009-02-11,0.02805126253619746
2009-02-12,0.025985057519384368
2009-02-13,0.02704335823605288
2009-02-17,0.030652918664926993
2009-02-18,0.030526930026650568
2009-02-19,0.029657613468913394
2009-02-20,0.03105608038498482
2009-02-23,0.033147483610059876
2009-02-24,0.028656007519317607
2009-02-25,0.028139453862080933
2009-02-26,0.02813315551153214
2009-02-27,0.029197754578749444
2009-03-02,0.03316638346777305
2009-03-03,0.032082884542842575
2009-03-04,0.029959984758956767
2009-03-05,0.03160412819799885
2009-03-06,0.031074980242697996
2009-03-09,0.03129545855740669
2009-03-10,0.027950472106182997
2009-03-11,0.027471718164372674
2009-03-12,0.02594096185644263
2009-03-13,0.026684292178936784
2009-03-16,0.02755361113970736
2009-03-17,0.02570158368402077
2009-03-18,0.025235428846341428
2009-03-19,0.02751581382731441
2009-03-20,0.02890798239283705
2009-03-23,0.027232339991950814
2009-03-24,0.02704335823605288
2009-03-25,0.026614998307733083
2009-03-26,0.025424410602239364
2009-03-27,0.025852770530559156
2009-03-30,0.028687504078128364
2009-03-31,0.027805586013226805
2009-04-01,0.026633895762412853
2009-04-02,0.026482711318907868
2009-04-03,0.02500864977805055
2009-04-06,0.025783476659355452
2009-04-07,0.025443308056919134
2009-04-08,0.0244731986661341
2009-04-09,0.02301173622940776
2009-04-13,0.023818062072556826
2009-04-14,0.023729868343639948
2009-04-15,0.02278495716111688
2009-04-16,0.02254558139172842
2009-04-17,0.02138018949146326
2009-04-20,0.02468108027974521
2009-04-21,0.02339600049478582
2009-04-22,0.024000743074872568
2009-04-23,0.023402301248368014
2009-04-24,0.023194419634756904
2009-04-27,0.024139330817279973
2009-04-28,0.0239062533984403
2009-04-29,0.02272826479707756
2009-04-30,0.022992838774727988
2009-05-01,0.022236909348102855
2009-05-04,0.021751854652710338
2009-05-05,0.02101482508379838
2009-05-06,0.020441579062522384
2009-05-07,0.021065219097288906
2009-05-08,0.020189601785969537
2009-05-11,0.02070615304017281
2009-05-12,0.02003211658888236
2009-05-13,0.02119750848914752
2009-05-14,0.019761243059166444
2009-05-15,0.02086363823725999
2009-05-18,0.019049409295483048
2009-05-19,0.018142294223836227
2009-05-20,0.01828718151830912
2009-05-21,0.019748643955035464
2009-05-22,0.020554968596667826
2009-05-26,0.01928878746790491
2009-05-27,0.020384884295449667
2009-05-28,0.01995022481506438
2009-05-29,0.01821788764710542
2009-06-01,0.018923421858723324
2009-06-02,0.01866514503010499
2009-06-03,0.019540763542941056
2009-06-04,0.0190116131846068
2009-06-05,0.018658846679556196
2009-06-08,0.018753337557505165
2009-06-09,0.017808426374982096
2009-06-10,0.017928114259676324
2009-06-11,0.017707635944967638
2009-06-12,0.017732832951712903
2009-06-15,0.019408475352599142
2009-06-16,0.020586465155478583
2009-06-17,0.019868333041246394
2009-06-18,0.018917122306657836
2009-06-19,0.017632042521698445
2009-06-22,0.019635254420890022
2009-06-23,0.019263589259642944
2009-06-24,0.018299779420923402
2009-06-25,0.016605239565357394
2009-06-26,0.016334364834124777
2009-06-29,0.01596899922494319
2009-06-30,0.016598940013291905
2009-07-01,0.016517047037957217
2009-07-02,0.01760684551495318
2009-07-06,0.01826828286211265
2009-07-07,0.019433673560861106
2009-07-08,0.019717146194708008
2009-07-09,0.018759637109570657
2009-07-10,0.018280881966243633
2009-07-13,0.016573741805029938
2009-07-14,0.015761118812848782
2009-07-15,0.01630916662586281
2009-07-16,0.016013094887884927
2009-07-17,0.015332758884528987
2009-07-20,0.015370554995405234
2009-07-21,0.015036687146551105
2009-07-22,0.01478470986999826
2009-07-23,0.014759512863252994
2009-07-24,0.014545332899093098
2009-07-27,0.015294962773652741
2009-07-28,0.01575481926078329
2009-07-29,0.01613278397409586
2009-07-30,0.016000495783753944
2009-07-31,0.016328065282059285
2009-08-03,0.016101286213768405
2009-08-04,0.015679225837514098
2009-08-05,0.01568552538957959
2009-08-06,0.016170580084972106
2009-08-07,0.015597334063696115
2009-08-10,0.01574222015665231
2009-08-11,0.016372160945001022
2009-08-12,0.0160319935440814
2009-08-13,0.015565836303368656
2009-08-14,0.015288663221587248
2009-08-17,0.017569048202560236
2009-08-18,0.016491850031211952
2009-08-19,0.01654224524621918
2009-08-20,0.01580521447579052
2009-08-21,0.01575481926078329
2009-08-24,0.015836711034601277
2009-08-25,0.015698124493710573
2009-08-26,0.015717023149907045
2009-08-27,0.015546938848688885
2009-08-28,0.015597334063696115
2009-08-31,0.016384760049132002
2009-09-01,0.018362773740061615
2009-09-02,0.01820528854297444
2009-09-03,0.017071395604553435
2009-09-04,0.01591230445787047
2009-09-08,0.01613908352616135
2009-09-09,0.015320159780398003
2009-09-10,0.014835105085005488
2009-09-11,0.015213069798318055
2009-09-14,0.015030387594485613
2009-09-15,0.014753213311187504
2009-09-16,0.014923297612405665
2009-09-17,0.014898099404143699
2009-09-18,0.01506818370536186
2009-09-21,0.015156375031245334
2009-09-22,0.014539033347027604
2009-09-23,0.014797308974129241
2009-09-24,0.015717023149907045
2009-09-25,0.01613278397409586
2009-09-28,0.015672926285448606
2009-09-29,0.015868208794928732
2009-09-30,0.01613278397409586
2009-10-01,0.017808426374982096
2009-10-02,0.018066702002083733
2009-10-05,0.016907610855400768
2009-10-06,0.016189478741168578
2009-10-07,0.015546938848688885
2009-10-08,0.015231968454514529
2009-10-09,0.01456423155528957
2009-10-12,0.014494937684085867
2009-10-13,0.014482338579954885
2009-10-14,0.014400446806136901
2009-10-15,0.013682313490388013
2009-10-16,0.01349963128655557
2009-10-19,0.013537427397431818
2009-10-20,0.013165762236184741
2009-10-21,0.013997283884562367
2009-10-22,0.013033475247359528
2009-10-23,0.014028781644889824
2009-10-26,0.015313860228332513
2009-10-27,0.015641429726637852
2009-10-28,0.017581647306691216
2009-10-29,0.015597334063696115
2009-10-30,0.019332883130846648
2009-11-02,0.018759637109570657
2009-11-03,0.018148593775901715
2009-11-04,0.017461958220480286
2009-11-05,0.01601939443995042
2009-11-06,0.01523826800658002
2009-11-09,0.014583129009969343
2009-11-10,0.01438784770200592
2009-11-11,0.014513836340282343
2009-11-12,0.015269764565390776
2009-11-13,0.014715417200311257
2009-11-16,0.014419344260816674
2009-11-17,0.0141169729707733
2009-11-18,0.013625618723315292
2009-11-19,0.014255559511664004
2009-11-20,0.013978386429882595
2009-11-23,0.01332954698533741
2009-11-24,0.012894887504952122
2009-11-25,0.012901187057017613
2009-11-27,0.015584734959565132
2009-11-30,0.015439848866608936
2009-12-01,0.013808302128664435
2009-12-02,0.013304349978592147
2009-12-03,0.014148469529584056
2009-12-04,0.01338624175241013
2009-12-07,0.013921691662809875
2009-12-08,0.014923297612405665
2009-12-09,0.01427445816786048
2009-12-10,0.01406027820370058
2009-12-11,0.013600421716570029
2009-12-14,0.01332324743327192
2009-12-15,0.013537427397431818
2009-12-16,0.01293898436941056
2009-12-17,0.014179967289911511
2009-12-18,0.01365711648364275
2009-12-21,0.012907486609083104
2009-12-22,0.01230904358106185
2009-12-23,0.012416132361625098
2009-12-24,0.012264946716603409
2009-12-28,0.012554720104032503
2009-12-29,0.012605115319039732
2009-12-30,0.012573617558712277
2009-12-31,0.01365711648364275
2010-01-04,0.012624013975236206
2010-01-05,0.012189354494850917
2010-01-06,0.012069665408639987
2010-01-07,0.012006671089501774
2010-01-08,0.011420825964094801
2010-01-11,0.011055460354913215
2010-01-12,0.011496419387363994
2010-01-13,0.011244443312327851
2010-01-14,0.011105855569920444
2010-01-15,0.011282239423204096
2010-01-19,0.01107435901110969
2010-01-20,0.011767294118596613
2010-01-21,0.014028781644889824
2010-01-22,0.017203682593378646
2010-01-25,0.016006795335819436
2010-01-26,0.0154650458733542
2010-01-27,0.014576829457903851
2010-01-28,0.014948494619150926
2010-01-29,0.01550914273781264
2010-02-01,0.01423036250491874
2010-02-02,0.013531127845366326
2010-02-03,0.01360672126863552
2010-02-04,0.01642885571207374
2010-02-05,0.016447754368270215
2010-02-08,0.01669973044330636
2010-02-09,0.016378460497066514
2010-02-10,0.016000495783753944
2010-02-11,0.015093380712107123
2010-02-12,0.014318553830802216
2010-02-16,0.014016182540758843
2010-02-17,0.013682313490388013
2010-02-18,0.01299567793496658
2010-02-19,0.012611414871105224
2010-02-22,0.012561019656097993
2010-02-23,0.013461835175679325
2010-02-24,0.0127689000681924
2010-02-25,0.012661810086112451
2010-02-26,0.012283845372799885
2010-03-01,0.012132659727778198
2010-03-02,0.012006671089501774
2010-03-03,0.011861784996545579
2010-03-04,0.011792491125341878
2010-03-05,0.010973568581095232
2010-03-08,0.011206647201451604
2010-03-09,0.011288538975269588
2010-03-10,0.01169800024739291
2010-03-11,0.011376730301153062
2010-03-12,0.01107435901110969
2010-03-15,0.011338934190276815
2010-03-16,0.011143652882313393
2010-03-17,0.010652298634855385
2010-03-18,0.010469616431022942
2010-03-19,0.01069009474573163
2010-03-22,0.010627101628110121
2010-03-23,0.010299532129804782
2010-03-24,0.011055460354913215
2010-03-25,0.011590910265312962
2010-03-26,0.01119404809732062
2010-03-29,0.01108065856317518
2010-03-30,0.010790885175746088
2010-03-31,0.01108065856317518
2010-04-01,0.011005065139905986
2010-04-05,0.010721592506059087
2010-04-06,0.010223938706535587
2010-04-07,0.010469616431022942
2010-04-08,0.010381423903622766
2010-04-09,0.010167243939462868
2010-04-12,0.009814477434412267
2010-04-13,0.010205041251855815
2010-04-14,0.009820776986477757
2010-04-15,0.01000975934313404
2010-04-16,0.011565713258567697
2010-04-19,0.010923173366088001
2010-04-20,0.009908968312361231
2010-04-21,0.010280633473608308
2010-04-22,0.010375124351557274
2010-04-23,0.010469616431022942
2010-04-26,0.011005065139905986
2010-04-27,0.014368949045809444
2010-04-28,0.013279151770330181
2010-04-29,0.011616108473574928
2010-04-30,0.013890193902482419
2010-05-03,0.012718504853185172
2010-05-04,0.015017788490354629
2010-05-05,0.01569182494164508
2010-05-06,0.020662057377231074
2010-05-07,0.02579607576348644
2010-05-10,0.01816749243209819
2010-05-11,0.01783992293379285
2010-05-12,0.016076089207023136
2010-05-13,0.01680682042538631
2010-05-14,0.01967935008383176
2010-05-17,0.019427374008795618
2010-05-18,0.021134512968492607
2010-05-19,0.022249508452233835
2010-05-20,0.028844989275215543
2010-05-21,0.02526062465156999
2010-05-24,0.024139330817279973
2010-05-25,0.021802251069234266
2010-05-26,0.022060526696335903
2010-05-27,0.018696642790432445
2010-05-28,0.02020220089010052
2010-06-01,0.02238809619464124
2010-06-02,0.01900531363254131
2010-06-03,0.01855805504802504
2010-06-04,0.022350298882248293
2010-06-07,0.023036934437669725
2010-06-08,0.021229005047958275
2010-06-09,0.02124790250263805
2010-06-10,0.019257289707577455
2010-06-11,0.018135995873287434
2010-06-14,0.018003707682945524
2010-06-15,0.016296568723248528
2010-06-16,0.016328065282059285
2010-06-17,0.015780016267528556
2010-06-18,0.015087082361558334
2010-06-21,0.015672926285448606
2010-06-22,0.01703989784422598
2010-06-23,0.016951706518342505
2010-06-24,0.01873443890130869
2010-06-25,0.017972211124134767
2010-06-28,0.01826828286211265
2010-06-29,0.021499879779190895
2010-06-30,0.02175815540629253
2010-07-01,0.02069985468962402
2010-07-02,0.018973817073730553
2010-07-06,0.018677744134235973
2010-07-07,0.016907610855400768
2010-07-08,0.016195777091717368
2010-07-09,0.01573592060458682
2010-07-12,0.015389453651601706
2010-07-13,0.015471345425419692
2010-07-14,0.015679225837514098
2010-07-15,0.015836711034601277
2010-07-16,0.016535945694153693
2010-07-19,0.01635956184087004
2010-07-20,0.01507448325742735
2010-07-21,0.01615168142877563
2010-07-22,0.015515441088361429
2010-07-23,0.01478470986999826
2010-07-26,0.014318553830802216
2010-07-27,0.014608327218231307
2010-07-28,0.015276064117456266
2010-07-29,0.015200470694187073
2010-07-30,0.014803608526194731
2010-08-02,0.013864996895737156
2010-08-03,0.014255559511664004
2010-08-04,0.013990984332496877
2010-08-05,0.013921691662809875
2010-08-06,0.013694912594518997
2010-08-09,0.01394688866955514
2010-08-10,0.014091775964028035
2010-08-11,0.015994196231688455
2010-08-12,0.01620837619584835
2010-08-13,0.0165296461420882
2010-08-16,0.016441454816204727
2010-08-17,0.015326459332463497
2010-08-18,0.015490244081616164
2010-08-19,0.016655634780364623
2010-08-20,0.016057190550826664
2010-08-23,0.016164280532906614
2010-08-24,0.017298173471327616
2010-08-25,0.01681941952951729
2010-08-26,0.017241479905771597
2010-08-27,0.01540205275573269
2010-08-30,0.017140688274240437
2010-08-31,0.016409957055877267
2010-09-01,0.015049285049165384
2010-09-02,0.014608327218231307
2010-09-03,0.013424037863286378
2010-09-07,0.014992590282092665
2010-09-08,0.014646123329107556
2010-09-09,0.014368949045809444
2010-09-10,0.013852397791606172
2010-09-13,0.013361043544148165
2010-09-14,0.013581523060373555
2010-09-15,0.013921691662809875
2010-09-16,0.013682313490388013
2010-09-17,0.013864996895737156
2010-09-20,0.013543726949497308
2010-09-21,0.014079176859897053
2010-09-22,0.014179967289911511
2010-09-23,0.015036687146551105
2010-09-24,0.013676013938322521
2010-09-27,0.014198865946107987
2010-09-28,0.014236662056984232
2010-09-29,0.014646123329107556
2010-09-30,0.014929597164471155
2010-10-01,0.014173667737846021
2010-10-04,0.014822507182391207
2010-10-05,0.013707511698649978
2010-10-06,0.013537427397431818
2010-10-07,0.013581523060373555
2010-10-08,0.013046073149973808
2010-10-11,0.011943676770363563
2010-10-12,0.011924779315683792
2010-10-13,0.012012970641567266
2010-10-14,0.012523222343705046
2010-10-15,0.011987773634822
2010-10-18,0.01202556974569825
2010-10-19,0.01299567793496658
2010-10-20,0.012466528778149029
2010-10-21,0.01213895927984369
2010-10-22,0.011830288437734824
2010-10-25,0.012504324889025274
2010-10-26,0.012737402307864944
2010-10-27,0.013046073149973808
2010-10-28,0.01315316313205376
2010-10-29,0.013354745193599376
2010-11-01,0.013751607361591716
2010-11-02,0.013587822612439045
2010-11-03,0.01232164148367613
2010-11-04,0.011666503688582155
2010-11-05,0.011502718939429486
2010-11-08,0.01152161759562596
2010-11-09,0.012019270193632756
2010-11-10,0.0116350059282547
2010-11-11,0.011742095910334647
2010-11-12,0.012983080032352299
2010-11-15,0.012724804405250662
2010-11-16,0.014224062952853249
2010-11-17,0.013707511698649978
2010-11-18,0.01181138978153835
2010-11-19,0.01136413239853878
2010-11-22,0.011572012810633189
2010-11-23,0.01299567793496658
2010-11-24,0.01232164148367613
2010-11-26,0.013997283884562367
2010-11-29,0.013562625605693783
2010-11-30,0.014828806734456697
2010-12-01,0.013455535623613834
2010-12-02,0.012214551501596182
2010-12-03,0.011345233742342309
2010-12-06,0.011351533294407799
2010-12-07,0.011332634638211325
2010-12-08,0.011175149441124146
2010-12-09,0.01086647859901528
2010-12-10,0.011093257667306162
2010-12-13,0.011055460354913215
2010-12-14,0.011093257667306162
2010-12-15,0.01130113807940057
2010-12-16,0.010954669924898757
2010-12-17,0.010148346484783095
2010-12-20,0.010337328240681029
2010-12-21,0.010387723455688256
2010-12-22,0.00973258505983593
2010-12-23,0.010375124351557274
2010-12-27,0.01113105377818241
2010-12-28,0.011036562900233441
2010-12-29,0.010885377255211756
2010-12-30,0.011036562900233441
2010-12-31,0.011181448993189638
2011-01-03,0.011093257667306162
2011-01-04,0.010948370372833267
2011-01-05,0.010721592506059087
2011-01-06,0.010960969476964249
2011-01-07,0.01079718472781158
2011-01-10,0.011049162004364425
2011-01-11,0.010639699530724403
2011-01-12,0.010230238258601079
2011-01-13,0.010324729136550045
2011-01-14,0.009738884611901422
2011-01-18,0.009997160239003058
2011-01-19,0.010904274709891528
2011-01-20,0.011332634638211325
2011-01-21,0.0116350059282547
2011-01-24,0.011118454674051427
2011-01-25,0.01108065856317518
2011-01-26,0.010482214333637224
2011-01-27,0.010173543491528358
2011-01-28,0.012624013975236206
2011-01-31,0.012302744028996358
2011-02-01,0.011105855569920444
2011-02-02,0.010897975157826038
2011-02-03,0.01051371209396468
2011-02-04,0.010034956950637655
2011-02-07,0.010255436466863044
2011-02-08,0.009959364128126811
2011-02-09,0.009997160239003058
2011-02-10,0.010135747380652113
2011-02-11,0.009883770704857617
2011-02-14,0.010047555454010286
2011-02-15,0.010312131233935764
2011-02-16,0.010532609548644453
2011-02-17,0.010450717774826469
2011-02-18,0.01034992734481201
2011-02-22,0.013102767917046529
2011-02-23,0.013940589117489648
2011-02-24,0.013430337415351868
2011-02-25,0.012107461519516232
2011-02-28,0.011559413706502207
2011-03-01,0.013235056107388444
2011-03-02,0.013039774799425018
2011-03-03,0.011716898903589384
2011-03-04,0.012006671089501774
2011-03-07,0.013014576591163054
2011-03-08,0.0124854262328288
2011-03-09,0.012737402307864944
2011-03-10,0.013783103920402471
2011-03-11,0.01264921098198147
2011-03-14,0.013310648329140936
2011-03-15,0.015320159780398003
2011-03-16,0.018520258937148794
2011-03-17,0.016611539117422885
2011-03-18,0.0153957532036672
2011-03-21,0.012983080032352299
2011-03-22,0.012731102755799454
2011-03-23,0.012075964960705477
2011-03-24,0.011338934190276815
2011-03-25,0.011282239423204096
2011-03-28,0.012246049261923637
2011-03-29,0.011439724620291273
2011-03-30,0.011156250784927673
2011-03-31,0.011175149441124146
2011-04-01,0.010960969476964249
2011-04-04,0.01102396379610246
2011-04-05,0.01086647859901528
2011-04-06,0.010645999082789893
2011-04-07,0.010778287273131806
2011-04-08,0.011257042416458833
2011-04-11,0.010450717774826469
2011-04-12,0.010765688169000824
2011-04-13,0.010658598186920875
2011-04-14,0.010249136914797553
2011-04-15,0.009650692685259596
2011-04-18,0.01068379519366614
2011-04-19,0.009971962631499442
2011-04-20,0.009493207488172417
2011-04-21,0.009253829916508905
2011-04-25,0.009934166520623197
2011-04-26,0.00983967504191588
2011-04-27,0.00966959134145607
2011-04-28,0.009209734253567168
2011-04-29,0.009291626628143502
2011-05-02,0.0100727530615139
2011-05-03,0.010520011646030171
2011-05-04,0.010759388616935333
2011-05-05,0.011464922828553239
2011-05-06,0.011590910265312962
2011-05-09,0.010809783831942563
2011-05-10,0.010022357846506673
2011-05-11,0.01067749684311735
2011-05-12,0.010097951269775866
2011-05-13,0.010753089064869843
2011-05-16,0.011490119835298504
2011-05-17,0.011055460354913215
2011-05-18,0.010223938706535587
2011-05-19,0.009776681323536018
2011-05-20,0.010979868133160722
2011-05-23,0.011509018491494976
2011-05-24,0.011225544656131375
2011-05-25,0.010753089064869843
2011-05-26,0.010135747380652113
2011-05-27,0.01006645350944841
2011-05-31,0.00973258505983593
2011-06-01,0.01152791594617475
2011-06-02,0.011395628957349536
2011-06-03,0.01130743763146606
2011-06-06,0.011647605032385681
2011-06-07,0.011383029853218554
2011-06-08,0.011836587989800315
2011-06-09,0.01119404809732062
2011-06-10,0.011880683652742053
2011-06-13,0.012353139244003587
2011-06-14,0.011502718939429486
2011-06-15,0.013430337415351868
2011-06-16,0.014318553830802216
2011-06-17,0.013764206465722698
2011-06-20,0.012592516214908749
2011-06-21,0.011880683652742053
2011-06-22,0.011666503688582155
2011-06-23,0.012151558383974671
2011-06-24,0.013291750874461165
2011-06-27,0.012951582272024843
2011-06-28,0.012075964960705477
2011-06-29,0.010879077703146264
2011-06-30,0.010406622111884731
2011-07-01,0.009997160239003058
2011-07-05,0.010116848724455637
2011-07-06,0.010293232577739292
2011-07-07,0.010047555454010286
2011-07-08,0.010047555454010286
2011-07-11,0.011584610713247468
2011-07-12,0.012516923993156256
2011-07-13,0.012542120999901521
2011-07-14,0.013102767917046529
2011-07-15,0.012302744028996358
2011-07-18,0.013197259996512197
2011-07-19,0.012101161967450742
2011-07-20,0.01202556974569825
2011-07-21,0.011061759906978707
2011-07-22,0.011036562900233441
2011-07-25,0.012189354494850917
2011-07-26,0.012743701859930437
2011-07-27,0.014476039027889393
2011-07-28,0.01495479417121642
2011-07-29,0.015906004905804978
2011-08-01,0.01490439895620919
2011-08-02,0.015616232719892587
2011-08-03,0.014728015102925538
2011-08-04,0.019943925262998884
2011-08-05,0.020158105227158784
2011-08-08,0.030237157840738174
2011-08-09,0.02208572490459787
2011-08-10,0.02708115554844583
2011-08-11,0.02456769074559977
2011-08-12,0.022904647448844514
2011-08-15,0.0200762134533408
2011-08-16,0.02069355393604183
2011-08-17,0.019893530047991655
2011-08-18,0.026879572285383506
2011-08-19,0.027118950457805373
2011-08-22,0.026734686192427314
2011-08-23,0.022847952681771793
2011-08-24,0.02261487526293212
2011-08-25,0.02504644468741009
2011-08-26,0.022419592753451997
2011-08-29,0.020334487878925736
2011-08-30,0.020718752144303795
2011-08-31,0.019918728256253623
2011-09-01,0.020044715693013346
2011-09-02,0.02136759038733228
2011-09-06,0.023307809168902346
2011-09-07,0.02102742418792936
2011-09-08,0.021619567663885127
2011-09-09,0.024265319455556395
2011-09-12,0.024309415118498132
2011-09-13,0.023251114401829625
2011-09-14,0.021795950315652075
2011-09-15,0.02013920657096231
2011-09-16,0.019515565334679092
2011-09-19,0.020617961714289337
2011-09-20,0.02069985468962402
2011-09-21,0.02350939002893126
2011-09-22,0.02604805063700588
2011-09-23,0.025985057519384368
2011-09-26,0.02458028984973075
2011-09-27,0.023755066551901915
2011-09-28,0.02587796873882112
2011-09-29,0.02446690031558531
2011-09-30,0.027062255690732652
2011-10-03,0.02863080931105564
2011-10-04,0.02571418278815175
2011-10-05,0.023818062072556826
2011-10-06,0.022847952681771793
2011-10-07,0.022803857018830056
2011-10-10,0.02080064511963848
2011-10-11,0.02069985468962402
2011-10-12,0.01969194918796274
2011-10-13,0.01933918268291214
2011-10-14,0.01778952771878562
2011-10-17,0.021033722538478152
2011-10-18,0.019880930943860675
2011-10-19,0.021695159885637617
2011-10-20,0.021909339849797514
2011-10-21,0.019729745298838988
2011-10-24,0.01843206761126532
2011-10-25,0.02029669296956619
2011-10-26,0.018810032324577886
2011-10-27,0.016038291894630193
2011-10-28,0.015452447970739918
2011-10-31,0.018873025442199393
2011-11-01,0.021903041499248724
2011-11-02,0.020624262467871527
2011-11-03,0.019213194044635715
2011-11-04,0.01899901408047582
2011-11-07,0.018803732772512394
2011-11-08,0.017310772575458596
2011-11-09,0.022778658810568092
2011-11-10,0.020668358130813264
2011-11-11,0.018923421858723324
2011-11-14,0.019610056212628058
2011-11-15,0.019666750979700776
2011-11-16,0.021109314760230643
2011-11-17,0.021739255548579355
2011-11-18,0.020158105227158784
2011-11-21,0.020731351248434775
2011-11-22,0.02013920657096231
2011-11-23,0.021405387699725227
2011-11-25,0.02171405974335079
2011-11-28,0.02023999820249347
2011-11-29,0.019301385370519192
2011-11-30,0.017512353435487512
2011-12-01,0.01726667691251686
2011-12-02,0.017335970783720563
2011-12-05,0.01753755164374948
2011-12-06,0.01772023384758192
2011-12-07,0.01806040245001824
2011-12-08,0.01926988881170844
2011-12-09,0.016617837467971675
2011-12-12,0.016170580084972106
2011-12-13,0.016006795335819436
2011-12-14,0.016403658705328478
2011-12-15,0.015817813579921503
2011-12-16,0.015301262325718231
2011-12-19,0.015698124493710573
2011-12-20,0.01462722467291108
2011-12-21,0.01349963128655557
2011-12-22,0.01332954698533741
2011-12-23,0.013058672254104791
2011-12-27,0.013802002576598945
2011-12-28,0.014816207630325715
2011-12-29,0.014268158615794986
2011-12-30,0.01474061420705652
2012-01-03,0.014469739475823902
2012-01-04,0.013997283884562367
2012-01-05,0.013531127845366326
2012-01-06,0.01299567793496658
2012-01-09,0.01327285221826469
2012-01-10,0.013033475247359528
2012-01-11,0.013260253114133707
2012-01-12,0.012894887504952122
2012-01-13,0.013172061788250231
2012-01-17,0.013984685981948087
2012-01-18,0.01315946268411925
2012-01-19,0.012516923993156256
2012-01-20,0.01151531804356047
2012-01-23,0.011760994566531123
2012-01-24,0.011912180211552808
2012-01-25,0.011534215498240241
2012-01-26,0.01169800024739291
2012-01-27,0.011672803240647647
2012-01-30,0.012220851053661672
2012-01-31,0.012246049261923637
2012-02-01,0.011685401143261926
2012-02-02,0.011326335086145833
2012-02-03,0.010771987721066316
2012-02-06,0.01118774854525513
2012-02-07,0.011118454674051427
2012-02-08,0.011439724620291273
2012-02-09,0.011735796358269157
2012-02-10,0.013096469566497739
2012-02-13,0.011994073186887494
2012-02-14,0.01230904358106185
2012-02-15,0.013316947881206426
2012-02-16,0.012107461519516232
2012-02-17,0.011200347649386112
2012-02-21,0.011458623276487749
2012-02-22,0.011458623276487749
2012-02-23,0.010583004763651682
2012-02-24,0.010904274709891528
2012-02-27,0.011458623276487749
2012-02-28,0.01131373598201485
2012-02-29,0.011609808921509434
2012-03-01,0.010872778151080774
2012-03-02,0.010891676807277246
2012-03-05,0.01137043074908757
2012-03-06,0.01314686478150497
2012-03-07,0.012012970641567266
2012-03-08,0.01130743763146606
2012-03-09,0.010778287273131806
2012-03-12,0.009852274146046863
2012-03-13,0.009323123787712608
2012-03-14,0.009644393733952455
2012-03-15,0.009713687004397809
2012-03-16,0.009115243375618202
2012-03-19,0.009474309432734295
2012-03-20,0.009814477434412267
2012-03-21,0.009531004199807014
2012-03-22,0.009808177882346773
2012-03-23,0.009335722291085239
2012-03-26,0.008982955786034637
2012-03-27,0.009820776986477757
2012-03-28,0.009745184163966913
2012-03-29,0.009751483115274054
2012-03-30,0.009764082219405036
2012-04-02,0.009852274146046863
2012-04-03,0.009864872649419494
2012-04-04,0.0103562268968775
2012-04-05,0.010520011646030171
2012-04-09,0.011849185892414597
2012-04-10,0.012844492289944895
2012-04-11,0.012611414871105224
2012-04-12,0.010834982040204527
2012-04-13,0.01231534193161064
2012-04-16,0.01231534193161064
2012-04-17,0.011628706376189207
2012-04-18,0.011742095910334647
2012-04-19,0.011565713258567697
2012-04-20,0.010986167685226214
2012-04-23,0.011949976322429053
2012-04-24,0.011401928509415028
2012-04-25,0.010595603867782664
2012-04-26,0.010230238258601079
2012-04-27,0.010280633473608308
2012-04-30,0.010803484279877072
2012-05-01,0.010457017326891959
2012-05-02,0.010633399978658909
2012-05-03,0.011061759906978707
2012-05-04,0.012069665408639987
2012-05-07,0.011931078867749282
2012-05-08,0.012000371537436284
2012-05-09,0.01264921098198147
2012-05-10,0.011861784996545579
2012-05-11,0.012529521895770538
2012-05-14,0.01377680556985368
2012-05-15,0.013839798687475192
2012-05-16,0.014028781644889824
2012-05-17,0.015427249762477953
2012-05-18,0.01581151402785601
2012-05-21,0.013864996895737156
2012-05-22,0.014161068633715038
2012-05-23,0.01406657775576607
2012-05-24,0.013568925157759273
2012-05-25,0.013707511698649978
2012-05-29,0.013247655211519428
2012-05-30,0.015206770246252563
2012-05-31,0.015156375031245334
2012-06-01,0.016794221321255326
2012-06-04,0.016454053920335707
2012-06-05,0.015546938848688885
2012-06-06,0.013959487773686122
2012-06-07,0.013682313490388013
2012-06-08,0.013373642648279147
2012-06-11,0.014841404637070978
2012-06-12,0.013915392110744385
2012-06-13,0.015288663221587248
2012-06-14,0.01365711648364275
2012-06-15,0.013298050426526655
2012-06-18,0.011540515050305731
2012-06-19,0.011578311161181978
2012-06-20,0.01086017904694979
2012-06-21,0.01264921098198147
2012-06-22,0.011408228061480518
2012-06-25,0.012838192737879402
2012-06-26,0.012422431913690588
2012-06-27,0.01225234881398913
2012-06-28,0.012416132361625098
2012-06-29,0.010759388616935333
2012-07-02,0.010583004763651682
2012-07-03,0.010494813437768206
2012-07-05,0.01102396379610246
2012-07-06,0.010771987721066316
2012-07-09,0.011326335086145833
2012-07-10,0.011792491125341878
2012-07-11,0.01130743763146606
2012-07-12,0.011546814602371223
2012-07-13,0.010545208652775435
2012-07-16,0.010778287273131806
2012-07-17,0.010381423903622766
2012-07-18,0.01017984304359385
2012-07-19,0.00973258505983593
2012-07-20,0.010249136914797553
2012-07-23,0.011729498007720366
2012-07-24,0.012894887504952122
2012-07-25,0.012183054942785427
2012-07-26,0.011042862452298935
2012-07-27,0.010520011646030171
2012-07-30,0.01135783284647329
2012-07-31,0.011924779315683792
2012-08-01,0.011943676770363563
2012-08-02,0.011068059459044197
2012-08-03,0.009852274146046863
2012-08-06,0.010047555454010286
2012-08-07,0.0100727530615139
2012-08-08,0.009650692685259596
2012-08-09,0.009625495077755982
2012-08-10,0.009285327076078011
2012-08-13,0.008630188680225685
2012-08-14,0.009354620947281714
2012-08-15,0.00921603380563266
2012-08-16,0.009001853841472762
2012-08-17,0.008472703483138506
2012-08-20,0.00883177014101295
2012-08-21,0.009461710929361662
2012-08-22,0.009518405095676032
2012-08-23,0.01005385500607578
2012-08-24,0.00956250135937612
2012-08-27,0.010299532129804782
2012-08-28,0.010387723455688256
2012-08-29,0.01074678951280435
2012-08-30,0.011231844208196867
2012-08-31,0.011005065139905986
2012-09-04,0.011326335086145833
2012-09-05,0.011175149441124146
2012-09-06,0.009827076538543247
2012-09-07,0.009058548608545481
2012-09-10,0.010255436466863044
2012-09-11,0.010337328240681029
2012-09-12,0.009953064576061321
2012-09-13,0.008850668196451073
2012-09-14,0.009140440983121816
2012-09-17,0.009190836198129044
2012-09-18,0.008932560571027408
2012-09-19,0.008743578214371125
2012-09-20,0.008863266699823708
2012-09-21,0.008806571932750987
2012-09-24,0.008913661914830935
2012-09-25,0.009719986556463299
2012-09-26,0.010589304315717172
2012-09-27,0.009348321395216222
2012-09-28,0.009908968312361231
2012-10-01,0.010280633473608308
2012-10-02,0.0098963698089886
2012-10-03,0.009719986556463299
2012-10-04,0.009165638590625429
2012-10-05,0.009027051448976375
2012-10-08,0.009518405095676032
2012-10-09,0.010312131233935764
2012-10-10,0.010261736018928536
2012-10-11,0.009820776986477757
2012-10-12,0.010167243939462868
2012-10-15,0.009619196126448841
2012-10-16,0.009587698966879735
2012-10-17,0.009493207488172417
2012-10-18,0.009468009880668803
2012-10-19,0.01074678951280435
2012-10-22,0.010469616431022942
2012-10-23,0.011861784996545579
2012-10-24,0.011546814602371223
2012-10-25,0.011414527613546012
2012-10-26,0.011219245104065885
2012-10-31,0.011716898903589384
2012-11-01,0.01051371209396468
2012-11-02,0.01108065856317518
2012-11-05,0.011603509369443944
2012-11-06,0.01107435901110969
2012-11-07,0.012019270193632756
2012-11-08,0.011647605032385681
2012-11-09,0.011723198455654876
2012-11-12,0.01050741254189919
2012-11-13,0.010488513885702714
2012-11-14,0.011288538975269588
2012-11-15,0.011332634638211325
2012-11-16,0.010337328240681029
2012-11-19,0.009600297470252367
2012-11-20,0.00949950704023791
2012-11-21,0.009644393733952455
2012-11-23,0.009537303751872506
2012-11-26,0.009764082219405036
2012-11-27,0.010028657398572163
2012-11-28,0.009770381771470528
2012-11-29,0.009486908536865277
2012-11-30,0.009997160239003058
2012-12-03,0.010482214333637224
2012-12-04,0.010784586825197298
2012-12-05,0.010368824799491784
2012-12-06,0.010444418222760977
2012-12-07,0.01001605829444118
2012-12-10,0.010110549172390147
2012-12-11,0.009808177882346773
2012-12-12,0.010047555454010286
2012-12-13,0.010431819118629995
2012-12-14,0.010708993401928105
2012-12-17,0.010293232577739292
2012-12-18,0.009808177882346773
2012-12-19,0.010935772470218985
2012-12-20,0.01113105377818241
2012-12-21,0.011238143760262357
2012-12-24,0.011238143760262357
2012-12-26,0.012271246268668903
2012-12-27,0.012264946716603409
2012-12-28,0.014312254278736725
2012-12-31,0.011351533294407799
2013-01-02,0.009247530965201764
2013-01-03,0.009171938142690923
2013-01-04,0.008712081054802019
2013-01-07,0.008686883447298404
2013-01-08,0.008579793465218455
2013-01-09,0.008699482551429388
2013-01-10,0.008497901090642121
2013-01-11,0.008416008716065786
2013-01-14,0.008516799746838595
2013-01-15,0.008535697802276717
2013-01-16,0.008453805427700384
2013-01-17,0.00854829630564935
2013-01-18,0.007849062246855287
2013-01-22,0.007830164191417162
2013-01-23,0.007849062246855287
2013-01-24,0.007993948339811482
2013-01-25,0.008119936978087905
2013-01-28,0.00854829630564935
2013-01-29,0.008384512157255032
2013-01-30,0.009020751896910883
2013-01-31,0.008995554289407268
2013-02-01,0.008126235929395044
2013-02-04,0.009241231413136274
2013-02-05,0.008642787784356667
2013-02-06,0.008447505875634892
2013-02-07,0.008504200642707613
2013-02-08,0.008201829352664239
2013-02-11,0.00815143353689866
2013-02-12,0.007962451781000726
2013-02-13,0.008176631144402273
2013-02-14,0.007975050284373357
2013-02-15,0.007849062246855287
2013-02-19,0.00775457136890632
2013-02-20,0.009247530965201764
2013-02-21,0.009587698966879735
2013-02-22,0.008926261018961917
2013-02-25,0.011962575426560037
2013-02-26,0.010627101628110121
2013-02-27,0.00927902752401252
2013-02-28,0.009770381771470528
2013-03-01,0.009675890292763209
2013-03-04,0.008825470588947459
2013-03-05,0.008491601538576631
2013-03-06,0.008523098698145735
2013-03-07,0.008227026960167853
2013-03-08,0.00793095462143162
2013-03-11,0.007282115777644785
2013-03-12,0.007729373761402705
2013-03-13,0.007452199478104595
2013-03-14,0.007118331028492116
2013-03-15,0.007118331028492116
2013-03-18,0.008416008716065786
2013-03-19,0.009064848160610973
2013-03-20,0.00798134983643885
2013-03-21,0.008812871484816477
2013-03-22,0.00854829630564935
2013-03-25,0.008655386287729298
2013-03-26,0.008044344155577062
2013-03-27,0.008283721126482221
2013-03-28,0.008000247891876972
2013-04-01,0.00855459585771484
2013-04-02,0.008050643106884203
2013-04-03,0.008951458626465531
2013-04-04,0.008749877766436615
2013-04-05,0.00876877582187474
2013-04-08,0.008308918733985838
2013-04-09,0.008088439818518799
2013-04-10,0.007786067927717075
2013-04-11,0.0077104751052062305
2013-04-12,0.007597086171819142
2013-04-15,0.010879077703146264
2013-04-16,0.008793973429378354
2013-04-17,0.01040032255981924
2013-04-18,0.011061759906978707
2013-04-19,0.009430213769792556
2013-04-22,0.009064848160610973
2013-04-23,0.008491601538576631
2013-04-24,0.008573493913152964
2013-04-25,0.008579793465218455
2013-04-26,0.008573493913152964
2013-04-29,0.008636488232291175
2013-04-30,0.008516799746838595
2013-05-01,0.009127841878990833
2013-05-02,0.008560895409780334
2013-05-03,0.008094739370584289
2013-05-06,0.007975050284373357
2013-05-07,0.008082140266453307
2013-05-08,0.007975050284373357
2013-05-09,0.00827112262310959
2013-05-10,0.00793095462143162
2013-05-13,0.007905757013928006
2013-05-14,0.008044344155577062
2013-05-15,0.008069541763080675
2013-05-16,0.008233325911474994
2013-05-17,0.007842762694789795
2013-05-20,0.008201829352664239
2013-05-21,0.008422308268131277
2013-05-22,0.008705781502736529
2013-05-23,0.008863266699823708
2013-05-24,0.008812871484816477
2013-05-28,0.00912154232692534
2013-05-29,0.009342021843150732
2013-05-30,0.009153039486494447
2013-05-31,0.010268034369477326
2013-06-03,0.010255436466863044
2013-06-04,0.010249136914797553
2013-06-05,0.01102396379610246
2013-06-06,0.010475914781571732
2013-06-07,0.009537303751872506
2013-06-10,0.00972628550777044
2013-06-11,0.010753089064869843
2013-06-12,0.011710599351523892
2013-06-13,0.010337328240681029
2013-06-14,0.010803484279877072
2013-06-17,0.010583004763651682
2013-06-18,0.010463316878957452
2013-06-19,0.010482214333637224
2013-06-20,0.012907486609083104
2013-06-21,0.011905880659487316
2013-06-24,0.012668109638177943
2013-06-25,0.0116350059282547
2013-06-26,0.010841280390753319
2013-06-27,0.01062080207604463
2013-06-28,0.01062080207604463
2013-07-01,0.010312131233935764
2013-07-02,0.0103562268968775
2013-07-03,0.010205041251855815
2013-07-05,0.009379818554785329
2013-07-08,0.009310524683581626
2013-07-09,0.009039650553107358
2013-07-10,0.008951458626465531
2013-07-11,0.008825470588947459
2013-07-12,0.00871838060686751
2013-07-15,0.008686883447298404
2013-07-16,0.009083746216049095
2013-07-17,0.008680583895232913
2013-07-18,0.008674284943925773
2013-07-19,0.007899457461862514
2013-07-22,0.007741972264775337
2013-07-23,0.007975050284373357
2013-07-24,0.008302619782678697
2013-07-25,0.008170332193095133
2013-07-26,0.008012846996007955
2013-07-29,0.00843490737226226
2013-07-30,0.00843490737226226
2013-07-31,0.008472703483138506
2013-08-01,0.00815143353689866
2013-08-02,0.007546690356053562
2013-08-05,0.007458499030170086
2013-08-06,0.008012846996007955
2013-08-07,0.008176631144402273
2013-08-08,0.008019145947315096
2013-08-09,0.008447505875634892
2013-08-12,0.008069541763080675
2013-08-13,0.00775457136890632
2013-08-14,0.00821442785603687
2013-08-15,0.00927902752401252
2013-08-16,0.00905224905647999
2013-08-19,0.009512106144368893
2013-08-20,0.00939241705815796
2013-08-21,0.010041255901944796
2013-08-22,0.009297926180208993
2013-08-23,0.008806571932750987
2013-08-26,0.00944281227316519
2013-08-27,0.01056410730897191
2013-08-28,0.010387723455688256
2013-08-29,0.010589304315717172
2013-08-30,0.010715292953993595
2013-09-03,0.010463316878957452
2013-09-04,0.010003459791068548
2013-09-05,0.009934166520623197
2013-09-06,0.009984561735630426
2013-09-09,0.00984597459398137
2013-09-10,0.009153039486494447
2013-09-11,0.008705781502736529
2013-09-12,0.009001853841472762
2013-09-13,0.008919961466896425
2013-09-16,0.009058548608545481
2013-09-17,0.009153039486494447
2013-09-18,0.008560895409780334
2013-09-19,0.008290020678547715
2013-09-20,0.0082648230710441
2013-09-23,0.009014452945603744
2013-09-24,0.008869566251889198
2013-09-25,0.008825470588947459
2013-09-26,0.008856967748516565
2013-09-27,0.009738884611901422
2013-09-30,0.010457017326891959
2013-10-01,0.00978927982690865
2013-10-02,0.010457017326891959
2013-10-03,0.01113105377818241
2013-10-04,0.010545208652775435
2013-10-07,0.012227150605727164
2013-10-08,0.012812995731134138
2013-10-09,0.012346839691938095
2013-10-10,0.010381423903622766
2013-10-11,0.00990266936105409
2013-10-14,0.01012314827652113
2013-10-15,0.01175469501446563
2013-10-16,0.009266429020639887
2013-10-17,0.008491601538576631
2013-10-18,0.00821442785603687
2013-10-21,0.008290020678547715
2013-10-22,0.008397110660627663
2013-10-23,0.008453805427700384
2013-10-24,0.008315218286051328
2013-10-25,0.008245925015605976
2013-10-28,0.008384512157255032
2013-10-29,0.008447505875634892
2013-10-30,0.008598691520656579
2013-10-31,0.008661685839794792
2013-11-01,0.008365613501058558
2013-11-04,0.008145134585591518
2013-11-05,0.008359314549751418
2013-11-06,0.00798134983643885
2013-11-07,0.00876247626980925
2013-11-08,0.008126235929395044
2013-11-11,0.007893157909797024
2013-11-12,0.008075840714387815
2013-11-13,0.007886858958489883
2013-11-14,0.007792367479782566
2013-11-15,0.007678977945637125
2013-11-18,0.008252224567671468
2013-11-19,0.00843490737226226
2013-11-20,0.0084412063235694
2013-11-21,0.007975050284373357
2013-11-22,0.007723074209337213
2013-11-25,0.008056942658949693
2013-11-26,0.008069541763080675
2013-11-27,0.008176631144402273
2013-11-29,0.008630188680225685
2013-12-02,0.008964057129838162
2013-12-03,0.009165638590625429
2013-12-04,0.009260129468574397
2013-12-05,0.00949950704023791
2013-12-06,0.008686883447298404
2013-12-09,0.008497901090642121
2013-12-10,0.00876247626980925
2013-12-11,0.009713687004397809
2013-12-12,0.00978927982690865
2013-12-13,0.009927866968557705
2013-12-16,0.010097951269775866
2013-12-17,0.010211339602404605
2013-12-18,0.008693182999363896
2013-12-19,0.008913661914830935
2013-12-20,0.008686883447298404
2013-12-23,0.00821442785603687
2013-12-24,0.007861660750227917
2013-12-26,0.007767169872278951
2013-12-27,0.007849062246855287
2013-12-30,0.00854199735434221
2013-12-31,0.008642787784356667
2014-01-02,0.008964057129838162
2014-01-03,0.008667985391860282
2014-01-06,0.008535697802276717
2014-01-07,0.008138835033526026
2014-01-08,0.008107337873956922
2014-01-09,0.008119936978087905
2014-01-10,0.007647481386826371
2014-01-13,0.008365613501058558
2014-01-14,0.007735672712709846
2014-01-15,0.007735672712709846
2014-01-16,0.007893157909797024
2014-01-17,0.007836463142724303
2014-01-21,0.008107337873956922
2014-01-22,0.008088439818518799
2014-01-23,0.008674284943925773
2014-01-24,0.011427125516160291
2014-01-27,0.010973568581095232
2014-01-28,0.009953064576061321
2014-01-29,0.010929472918153493
2014-01-30,0.010891676807277246
2014-01-31,0.011597209817378452
2014-02-03,0.013505930838621063
2014-02-04,0.012038168849829231
2014-02-05,0.012567319208163487
2014-02-06,0.0108538794948843
2014-02-07,0.009631794629821472
2014-02-10,0.009612896574383351
2014-02-11,0.009140440983121816
2014-02-12,0.009008153393538252
2014-02-13,0.008907362963523794
2014-02-14,0.00854829630564935
2014-02-18,0.008737278662305633
2014-02-19,0.009764082219405036
2014-02-20,0.009316824235647118
2014-02-21,0.009247530965201764
2014-02-24,0.008964057129838162
2014-02-25,0.00861129062478756
2014-02-26,0.009039650553107358
2014-02-27,0.008844368644385583
2014-02-28,0.008819171036881969
2014-03-03,0.010079052613579392
2014-03-04,0.00888216535602018
2014-03-05,0.008749877766436615
2014-03-06,0.008951458626465531
2014-03-07,0.00888846430732732
2014-03-10,0.008945159074400041
2014-03-11,0.009323123787712608
2014-03-12,0.009115243375618202
2014-03-13,0.010217639154470095
2014-03-14,0.011225544656131375
2014-03-17,0.009852274146046863
2014-03-18,0.009146740535187306
2014-03-19,0.009524704647741524
2014-03-20,0.009146740535187306
2014-03-21,0.00944911182523068
2014-03-24,0.0095058065923034
2014-03-25,0.00883177014101295
2014-03-26,0.009405016162288943
2014-03-27,0.009209734253567168
2014-03-28,0.009077446663983604
2014-03-31,0.008743578214371125
2014-04-01,0.008252224567671468
2014-04-02,0.008245925015605976
2014-04-03,0.008422308268131277
2014-04-04,0.008793973429378354
2014-04-07,0.009808177882346773
2014-04-08,0.009379818554785329
2014-04-09,0.008705781502736529
2014-04-10,0.01000975934313404
2014-04-11,0.010727892058124577
2014-04-14,0.010148346484783095
2014-04-15,0.009833375489850388
2014-04-16,0.008932560571027408
2014-04-17,0.008416008716065786
2014-04-21,0.008346715445620434
2014-04-22,0.008308918733985838
2014-04-23,0.008359314549751418
2014-04-24,0.008390811108562173
2014-04-25,0.008856967748516565
2014-04-28,0.008800272981443846
2014-04-29,0.008636488232291175
2014-04-30,0.008447505875634892
2014-05-01,0.008346715445620434
2014-05-02,0.008132535481460536
2014-05-05,0.008371913053124048
2014-05-06,0.008693182999363896
2014-05-07,0.0084412063235694
2014-05-08,0.008460104979765876
2014-05-09,0.008138835033526026
2014-05-12,0.0077041755531407395
2014-05-13,0.007641181834760879
2014-05-14,0.007666379442264493
2014-05-15,0.008296320230613205
2014-05-16,0.007836463142724303
2014-05-19,0.007823864639351672
2014-05-20,0.008164032641029642
2014-05-21,0.007502594693111824
2014-05-22,0.007578187515622667
2014-05-23,0.007156127139368362
2014-05-27,0.0072506186180756795
2014-05-28,0.0073577086001556284
2014-05-29,0.007288414728951926
2014-05-30,0.007181324746871977
2014-06-02,0.0072947142810174176
2014-06-03,0.00747739708560821
2014-06-04,0.0076096846751917725
2014-06-05,0.0073577086001556284
2014-06-06,0.006759264370617671
2014-06-09,0.007023839549784799
2014-06-10,0.006923049119770341
2014-06-11,0.0073073133851484
2014-06-12,0.007912056565993498
2014-06-13,0.007672678994329984
2014-06-16,0.007968750732307866
2014-06-17,0.007597086171819142
2014-06-18,0.0066836715481068286
2014-06-19,0.0066899711001723195
2014-06-20,0.006834857793886866
2014-06-23,0.00691674956770485
2014-06-24,0.007641181834760879
2014-06-25,0.0073010138330829085
2014-06-26,0.007326211440586523
2014-06-27,0.007093133420988502
2014-06-30,0.007288414728951926
2014-07-01,0.007023839549784799
2014-07-02,0.006815959137690392
2014-07-03,0.006500988743516035
2014-07-07,0.00713722908393024
2014-07-08,0.007546690356053562
2014-07-09,0.007338809943959155
2014-07-10,0.00793095462143162
2014-07-11,0.0076096846751917725
2014-07-14,0.007445899926039104
2014-07-15,0.00753409185268093
2014-07-16,0.006929348671835832
2014-07-17,0.009159339038559939
2014-07-18,0.007597086171819142
2014-07-21,0.008069541763080675
2014-07-22,0.0077104751052062305
2014-07-23,0.007256918170141171
2014-07-24,0.007458499030170086
2014-07-25,0.007993948339811482
2014-07-28,0.007912056565993498
2014-07-29,0.008365613501058558
2014-07-30,0.008397110660627663
2014-07-31,0.01067749684311735
2014-08-01,0.010727892058124577
2014-08-04,0.009524704647741524
2014-08-05,0.010627101628110121
2014-08-06,0.010312131233935764
2014-08-07,0.010494813437768206
2014-08-08,0.009934166520623197
2014-08-11,0.008964057129838162
2014-08-12,0.008901063411458304
2014-08-13,0.008126235929395044
2014-08-14,0.007823864639351672
2014-08-15,0.008283721126482221
2014-08-18,0.0077608703202134595
2014-08-19,0.007691577049768108
2014-08-20,0.007420702318535489
2014-08-21,0.0074081038151628574
2014-08-22,0.007225421010572065
2014-08-25,0.00737030710352826
2014-08-26,0.007326211440586523
2014-08-27,0.007420702318535489
2014-08-28,0.00759078661975365
2014-08-29,0.007615984227257264
2014-09-02,0.007716774657271722
2014-09-03,0.007786067927717075
2014-09-04,0.007962451781000726
2014-09-05,0.007615984227257264
2014-09-08,0.007975050284373357
2014-09-09,0.008504200642707613
2014-09-10,0.008113637426022413
2014-09-11,0.008063242211015184
2014-09-12,0.008384512157255032
2014-09-15,0.00889476385939281
2014-09-16,0.008019145947315096
2014-09-17,0.007968750732307866
2014-09-18,0.007578187515622667
2014-09-19,0.007628582730629896
2014-09-22,0.008623889128160192
2014-09-23,0.009405016162288943
2014-09-24,0.008359314549751418
2014-09-25,0.009852274146046863
2014-09-26,0.009354620947281714
2014-09-29,0.01006645350944841
2014-09-30,0.010274333921542816
2014-10-01,0.010526309996578961
2014-10-02,0.01017984304359385
2014-10-03,0.009165638590625429
2014-10-06,0.009738884611901422
2014-10-07,0.010834982040204527
2014-10-08,0.009518405095676032
2014-10-09,0.01181768933360384
2014-10-10,0.013379942200344639
2014-10-13,0.015521740640426919
2014-10-14,0.014356351143195164
2014-10-15,0.015918604009935958
2014-10-16,0.01587450834699422
2014-10-17,0.013852397791606172
2014-10-20,0.01169800024739291
2014-10-21,0.010129447828586621
2014-10-22,0.011257042416458833
2014-10-23,0.010412921663950222
2014-10-24,0.010148346484783095
2014-10-27,0.010104250821841358
2014-10-28,0.009064848160610973
2014-10-29,0.009543602703179648
2014-10-30,0.009146740535187306
2014-10-31,0.008838069092320091
2014-11-03,0.00927902752401252
2014-11-04,0.009379818554785329
2014-11-05,0.008926261018961917
2014-11-06,0.00861129062478756
2014-11-07,0.0082648230710441
2014-11-10,0.00798134983643885
2014-11-11,0.008138835033526026
2014-11-12,0.008201829352664239
2014-11-13,0.008686883447298404
2014-11-14,0.008384512157255032
2014-11-17,0.008812871484816477
2014-11-18,0.008730979110240143
2014-11-19,0.008793973429378354
2014-11-20,0.00855459585771484
2014-11-21,0.008126235929395044
2014-11-24,0.007949852676869745
2014-11-25,0.007716774657271722
2014-11-26,0.007603385123126282
2014-11-28,0.008397110660627663
2014-12-01,0.008919961466896425
2014-12-02,0.008094739370584289
2014-12-03,0.0078742598543589
2014-12-04,0.007798667031848058
2014-12-05,0.007489996189739192
2014-12-08,0.008951458626465531
2014-12-09,0.00966959134145607
2014-12-10,0.011672803240647647
2014-12-11,0.01264921098198147
2014-12-12,0.013279151770330181
2014-12-15,0.012863390946141367
2014-12-16,0.014847704189136468
2014-12-17,0.012246049261923637
2014-12-18,0.010589304315717172
2014-12-19,0.010387723455688256
2014-12-22,0.009606597022317857
2014-12-23,0.009323123787712608
2014-12-24,0.00905224905647999
2014-12-26,0.009134141431056324
2014-12-29,0.009486908536865277
2014-12-30,0.010028657398572163
2014-12-31,0.012094863616901952
2015-01-02,0.011206647201451604
2015-01-05,0.012548420551967011
2015-01-06,0.013304349978592147
2015-01-07,0.012164156286588953
2015-01-08,0.010715292953993595
2015-01-09,0.011055460354913215
2015-01-12,0.012346839691938095
2015-01-13,0.012951582272024843
2015-01-14,0.013531127845366326
2015-01-15,0.014104373866642319
2015-01-16,0.013197259996512197
2015-01-20,0.012529521895770538
2015-01-21,0.01187438410067656
2015-01-22,0.010331028688615537
2015-01-23,0.010494813437768206
2015-01-26,0.009776681323536018
2015-01-27,0.010847579942818809
2015-01-28,0.012875990050272351
2015-01-29,0.01181768933360384
2015-01-30,0.013209857899126478
2015-02-02,0.012239749709858147
2015-02-03,0.010916873814022511
2015-02-04,0.011546814602371223
2015-02-05,0.010614502523979137
2015-02-06,0.010891676807277246
2015-02-09,0.011685401143261926
2015-02-10,0.0108538794948843
2015-02-11,0.01068379519366614
2015-02-12,0.009663291789390578
2015-02-13,0.009253829916508905
2015-02-17,0.009953064576061321
2015-02-18,0.00973258505983593
2015-02-19,0.009631794629821472
2015-02-20,0.009008153393538252
2015-02-23,0.009171938142690923
2015-02-24,0.008623889128160192
2015-02-25,0.00871838060686751
2015-02-26,0.00876247626980925
2015-02-27,0.008403410212693155
2015-03-02,0.00821442785603687
2015-03-03,0.008730979110240143
2015-03-04,0.008964057129838162
2015-03-05,0.008844368644385583
2015-03-06,0.009575099862748751
2015-03-09,0.009486908536865277
2015-03-10,0.01051371209396468
2015-03-11,0.010627101628110121
2015-03-12,0.009713687004397809
2015-03-13,0.010079052613579392
2015-03-16,0.009833375489850388
2015-03-17,0.009864872649419494
2015-03-18,0.008800272981443846
2015-03-19,0.008863266699823708
2015-03-20,0.008201829352664239
2015-03-23,0.008447505875634892
2015-03-24,0.008579793465218455
2015-03-25,0.00972628550777044
2015-03-26,0.009953064576061321
2015-03-27,0.009493207488172417
2015-03-30,0.009140440983121816
2015-03-31,0.009631794629821472
2015-04-01,0.009518405095676032
2015-04-02,0.009241231413136274
2015-04-06,0.009285327076078011
2015-04-07,0.009310524683581626
2015-04-08,0.008806571932750987
2015-04-09,0.008245925015605976
2015-04-10,0.007924655069366128
2015-04-13,0.00878137432524737
2015-04-14,0.00861129062478756
2015-04-15,0.008088439818518799
2015-04-16,0.00793725417349711
2015-04-17,0.008749877766436615
2015-04-20,0.008378212605189539
2015-04-21,0.008346715445620434
2015-04-22,0.008006547443942464
2015-04-23,0.007861660750227917
2015-04-24,0.007741972264775337
2015-04-27,0.0082648230710441
2015-04-28,0.00781756508728618
2015-04-29,0.00843490737226226
2015-04-30,0.009165638590625429
2015-05-01,0.008000247891876972
2015-05-04,0.008094739370584289
2015-05-05,0.009014452945603744
2015-05-06,0.009543602703179648
2015-05-07,0.009531004199807014
2015-05-08,0.00810103832189143
2015-05-11,0.008724680158933002
2015-05-12,0.008730979110240143
2015-05-13,0.008667985391860282
2015-05-14,0.008025445499380586
2015-05-15,0.007798667031848058
2015-05-18,0.008019145947315096
2015-05-19,0.008094739370584289
2015-05-20,0.008113637426022413
2015-05-21,0.007628582730629896
2015-05-22,0.007641181834760879
2015-05-26,0.008856967748516565
2015-05-27,0.008359314549751418
2015-05-28,0.008384512157255032
2015-05-29,0.00871838060686751
2015-06-01,0.008800272981443846
2015-06-02,0.008970356681903656
2015-06-03,0.00860499107272207
2015-06-04,0.009266429020639887
2015-06-05,0.008951458626465531
2015-06-08,0.009631794629821472
2015-06-09,0.009115243375618202
2015-06-10,0.008327817390182311
2015-06-11,0.008094739370584289
2015-06-12,0.008680583895232913
2015-06-15,0.009694788948959684
2015-06-16,0.009329423339778098
2015-06-17,0.009134141431056324
2015-06-18,0.008308918733985838
2015-06-19,0.008793973429378354
2015-06-22,0.008025445499380586
2015-06-23,0.007628582730629896
2015-06-24,0.008353014997685926
2015-06-25,0.008825470588947459
2015-06-26,0.00883177014101295
2015-06-29,0.01187438410067656
2015-06-30,0.011483820283233012
2015-07-01,0.010135747380652113
2015-07-02,0.010576706413102892
2015-07-06,0.010715292953993595
2015-07-07,0.010135747380652113
2015-07-08,0.012384635802814343
2015-07-09,0.012579917110777767
2015-07-10,0.010601903419848156
2015-07-13,0.008756176717743756
2015-07-14,0.008422308268131277
2015-07-15,0.008334116341489452
2015-07-16,0.007628582730629896
2015-07-17,0.007527792300615439
2015-07-20,0.007716774657271722
2015-07-21,0.0076978766018336
2015-07-22,0.007634882282695388
2015-07-23,0.007962451781000726
2015-07-24,0.008655386287729298
2015-07-27,0.009827076538543247
2015-07-28,0.008466403931073015
2015-07-29,0.0078742598543589
2015-07-30,0.007641181834760879
2015-07-31,0.007634882282695388
2015-08-03,0.007912056565993498
2015-08-04,0.008189230248533257
2015-08-05,0.007880559406424391
2015-08-06,0.008674284943925773
2015-08-07,0.00843490737226226
2015-08-10,0.0077041755531407395
2015-08-11,0.008636488232291175
2015-08-12,0.008573493913152964
2015-08-13,0.008497901090642121
2015-08-14,0.008082140266453307
2015-08-17,0.008201829352664239
2015-08-18,0.008686883447298404
2015-08-19,0.009606597022317857
2015-08-20,0.012057066304509003
2015-08-21,0.01765724072996041
2015-08-24,0.025663788774661224
2015-08-25,0.022690467484684618
2015-08-26,0.019099804510490277
2015-08-27,0.016441454816204727
2015-08-28,0.016409957055877267
2015-08-31,0.017909216804996554
2015-09-01,0.019780140513846217
2015-09-02,0.01643515526413923
2015-09-03,0.01613278397409586
2015-09-04,0.017512353435487512
2015-09-08,0.01568552538957959
2015-09-09,0.016523346590022706
2015-09-10,0.01535165754072546
2015-09-11,0.0146146267702968
2015-09-14,0.015276064117456266
2015-09-15,0.014198865946107987
2015-09-16,0.013449236071548342
2015-09-17,0.013316947881206426
2015-09-18,0.014035081196955316
2015-09-21,0.012687007092857716
2015-09-22,0.014135871626969774
2015-09-23,0.013940589117489648
2015-09-24,0.01478470986999826
2015-09-25,0.014879201949463926
2015-09-28,0.017405263453407562
2015-09-29,0.016901311303335276
2015-09-30,0.015433549314543445
2015-10-01,0.014205164296656775
2015-10-02,0.013190960444446707
2015-10-05,0.01230904358106185
2015-10-06,0.012220851053661672
2015-10-07,0.011590910265312962
2015-10-08,0.010973568581095232
2015-10-09,0.010759388616935333
2015-10-12,0.01018614259565934
2015-10-13,0.01113105377818241
2015-10-14,0.01135783284647329
2015-10-15,0.010110549172390147
2015-10-16,0.009480608984799787
2015-10-19,0.009436512721099697
2015-10-20,0.009921567416492215
2015-10-21,0.010520011646030171
2015-10-22,0.00910264427148722
2015-10-23,0.00910894382355271
2015-10-26,0.009631794629821472
2015-10-27,0.009719986556463299
2015-10-28,0.009027051448976375
2015-10-29,0.009203434701501678
2015-10-30,0.009493207488172417
2015-11-02,0.008913661914830935
2015-11-03,0.009159339038559939
2015-11-04,0.009770381771470528
2015-11-05,0.009480608984799787
2015-11-06,0.009027051448976375
2015-11-09,0.010406622111884731
2015-11-10,0.009631794629821472
2015-11-11,0.010116848724455637
2015-11-12,0.011572012810633189
2015-11-13,0.01264921098198147
2015-11-16,0.011439724620291273
2015-11-17,0.01186808454861107
2015-11-18,0.010614502523979137
2015-11-19,0.010702693849862614
2015-11-20,0.009745184163966913
2015-11-23,0.00983967504191588
2015-11-24,0.010034956950637655
2015-11-25,0.009568800310683261
2015-11-27,0.009524704647741524
2015-11-30,0.010160944387397376
2015-12-01,0.009241231413136274
2015-12-02,0.010022357846506673
2015-12-03,0.011408228061480518
2015-12-04,0.009329423339778098
2015-12-07,0.009978262183564934
2015-12-08,0.011086958115240672
2015-12-09,0.012353139244003587
2015-12-10,0.012183054942785427
2015-12-11,0.015364255443339742
2015-12-14,0.014318553830802216
2015-12-15,0.013197259996512197
2015-12-16,0.011250742864393341
2015-12-17,0.011931078867749282
2015-12-18,0.013039774799425018
2015-12-21,0.011779893222727595
2015-12-22,0.010457017326891959
2015-12-23,0.009808177882346773
2015-12-24,0.009915267864426721
2015-12-28,0.010652298634855385
2015-12-29,0.010129447828586621
2015-12-30,0.010891676807277246
2015-12-31,0.011471221179102029
2016-01-04,0.013039774799425018
2016-01-05,0.012183054942785427
2016-01-06,0.012970480928221315
2016-01-07,0.01574222015665231
2016-01-08,0.017014700837480717
2016-01-11,0.015307560676267021
2016-01-12,0.014154769081649546
2016-01-13,0.015887106249608502
2016-01-14,0.015087082361558334
2016-01-15,0.017021000389546206
2016-01-19,0.016409957055877267
2016-01-20,0.0173800664466623
2016-01-21,0.0168131199774518
2016-01-22,0.014072877307831563
2016-01-25,0.015213069798318055
2016-01-26,0.014173667737846021
2016-01-27,0.01455793200322408
2016-01-28,0.01412327252283879
2016-01-29,0.012724804405250662
2016-02-01,0.012586216662843258
2016-02-02,0.013846098239540682
2016-02-03,0.013638217827446276
2016-02-04,0.013757906913657206
2016-02-05,0.014728015102925538
2016-02-08,0.016378460497066514
2016-02-09,0.016718629099502835
2016-02-10,0.016561143902415656
2016-02-11,0.017726533399647415
2016-02-12,0.016000495783753944
2016-02-16,0.015187872791572792
2016-02-17,0.014053978651635088
2016-02-18,0.013631918275380784
2016-02-19,0.01293268481734507
2016-02-22,0.01220825194953069
2016-02-23,0.013216157451191968
2016-02-24,0.013052372702039301
2016-02-25,0.012038168849829231
2016-02-26,0.012479126680763309
2016-02-29,0.01294528271995935
2016-03-01,0.011149952434378883
2016-03-02,0.010765688169000824
2016-03-03,0.010520011646030171
2016-03-04,0.01062080207604463
2016-03-07,0.010929472918153493
2016-03-08,0.011760994566531123
2016-03-09,0.011553114154436715
2016-03-10,0.01137043074908757
2016-03-11,0.01039402300775375
2016-03-14,0.010658598186920875
2016-03-15,0.010608202971913647
2016-03-16,0.00944281227316519
2016-03-17,0.009096344719421726
2016-03-18,0.00883177014101295
2016-03-21,0.008686883447298404
2016-03-22,0.008926261018961917
2016-03-23,0.009411315113596084
2016-03-24,0.009285327076078011
2016-03-28,0.009600297470252367
2016-03-29,0.008705781502736529
2016-03-30,0.00854199735434221
2016-03-31,0.008787673877312862
2016-04-01,0.008252224567671468
2016-04-04,0.00889476385939281
2016-04-05,0.009713687004397809
2016-04-06,0.008875865803954688
2016-04-07,0.01017984304359385
2016-04-08,0.009675890292763209
2016-04-11,0.01024283736273206
2016-04-12,0.009354620947281714
2016-04-13,0.00871838060686751
2016-04-14,0.008642787784356667
2016-04-15,0.008579793465218455
2016-04-18,0.008409709764758645
2016-04-19,0.008340415893554942
2016-04-20,0.008365613501058558
2016-04-21,0.008787673877312862
2016-04-22,0.008327817390182311
2016-04-25,0.008869566251889198
2016-04-26,0.008793973429378354
2016-04-27,0.008674284943925773
2016-04-28,0.009587698966879735
2016-04-29,0.009890070256923109
2016-05-02,0.009247530965201764
2016-05-03,0.009827076538543247
2016-05-04,0.010110549172390147
2016-05-05,0.010022357846506673
2016-05-06,0.00927272857270538
2016-05-09,0.009178237093998062
2016-05-10,0.008586093017283946
2016-05-11,0.009253829916508905
2016-05-12,0.009077446663983604
2016-05-13,0.009474309432734295
2016-05-16,0.009247530965201764
2016-05-17,0.009808177882346773
2016-05-18,0.010047555454010286
2016-05-19,0.010286933025673798
2016-05-20,0.009575099862748751
2016-05-23,0.009965663079433952
2016-05-24,0.009083746216049095
2016-05-25,0.008756176717743756
2016-05-26,0.008460104979765876
2016-05-27,0.0082648230710441
2016-05-31,0.00893885952233455
2016-06-01,0.008945159074400041
2016-06-02,0.008586093017283946
2016-06-03,0.008485302587269488
2016-06-06,0.008598691520656579
2016-06-07,0.008850668196451073
2016-06-08,0.008869566251889198
2016-06-09,0.00922233335769815
2016-06-10,0.010727892058124577
2016-06-13,0.013209857899126478
2016-06-14,0.012913786161148596
2016-06-15,0.012687007092857716
2016-06-16,0.0122019535989819
2016-06-17,0.012227150605727164
2016-06-20,0.011572012810633189
2016-06-21,0.01164130548032019
2016-06-22,0.013335846537402902
2016-06-23,0.01086647859901528
2016-06-24,0.016227274852044827
2016-06-27,0.015024088042420123
2016-06-28,0.01181138978153835
2016-06-29,0.010482214333637224
2016-06-30,0.00984597459398137
2016-07-01,0.009304225732274485
2016-07-05,0.009814477434412267
2016-07-06,0.009423914217727066
2016-07-07,0.009297926180208993
2016-07-08,0.008315218286051328
2016-07-11,0.008529398250211227
2016-07-12,0.008535697802276717
2016-07-13,0.00821442785603687
2016-07-14,0.008075840714387815
2016-07-15,0.00798134983643885
2016-07-18,0.007836463142724303
2016-07-19,0.007540391404746421
2016-07-20,0.007414403367228348
2016-07-21,0.008025445499380586
2016-07-22,0.007571888564315526
2016-07-25,0.008107337873956922
2016-07-26,0.008220727408102363
2016-07-27,0.008082140266453307
2016-07-28,0.008012846996007955
2016-07-29,0.00747739708560821
2016-08-01,0.007836463142724303
2016-08-02,0.008422308268131277
2016-08-03,0.00810103832189143
2016-08-04,0.007823864639351672
2016-08-05,0.007175025795564836
2016-08-08,0.007244319066010189
2016-08-09,0.0073451094960246465
2016-08-10,0.00759078661975365
2016-08-11,0.0073577086001556284
2016-08-12,0.007275816225579294
2016-08-15,0.007439600974731963
2016-08-16,0.007962451781000726
2016-08-17,0.007678977945637125
2016-08-18,0.0072002234030684505
2016-08-19,0.007143528635995731
2016-08-22,0.007729373761402705
2016-08-23,0.007798667031848058
2016-08-24,0.008472703483138506
2016-08-25,0.008586093017283946
2016-08-26,0.008598691520656579
2016-08-29,0.00815143353689866
2016-08-30,0.0082648230710441
2016-08-31,0.008453805427700384
2016-09-01,0.008491601538576631
2016-09-02,0.007546690356053562
2016-09-06,0.007571888564315526
2016-09-07,0.007521492748549947
2016-09-08,0.007880559406424391
2016-09-09,0.01102396379610246
2016-09-12,0.009549902255245138
2016-09-13,0.011244443312327851
2016-09-14,0.011427125516160291
2016-09-15,0.010268034369477326
2016-09-16,0.009682189844828703
2016-09-19,0.00978298027484316
2016-09-20,0.010028657398572163
2016-09-21,0.008378212605189539
2016-09-22,0.007571888564315526
2016-09-23,0.007741972264775337
2016-09-26,0.009134141431056324
2016-09-27,0.008252224567671468
2016-09-28,0.007804966583913549
2016-09-29,0.00883177014101295
2016-09-30,0.008371913053124048
2016-10-03,0.00854829630564935
2016-10-04,0.008586093017283946
2016-10-05,0.008182930696467765
2016-10-06,0.008088439818518799
2016-10-07,0.008491601538576631
2016-10-10,0.00842860782019677
2016-10-11,0.009675890292763209
2016-10-12,0.010022357846506673
2016-10-13,0.01051371209396468
2016-10-14,0.010154646036848586
2016-10-17,0.010211339602404605
2016-10-18,0.009625495077755982
2016-10-19,0.009077446663983604
2016-10-20,0.008661685839794792
2016-10-21,0.008403410212693155
2016-10-24,0.008201829352664239
2016-10-25,0.008479003035203997
2016-10-26,0.008970356681903656
2016-10-27,0.009675890292763209
2016-10-28,0.010198741699790324
2016-10-31,0.01074678951280435
2016-11-01,0.01169170069532742
2016-11-02,0.012170455838654445
2016-11-03,0.013909092558678893
2016-11-04,0.014179967289911511
2016-11-07,0.011786191573276384
2016-11-08,0.01180509022947286
2016-11-09,0.009058548608545481
2016-11-10,0.009285327076078011
2016-11-11,0.008926261018961917
2016-11-14,0.00912154232692534
2016-11-15,0.008422308268131277
2016-11-16,0.008642787784356667
2016-11-17,0.008409709764758645
2016-11-18,0.008094739370584289
2016-11-21,0.007823864639351672
2016-11-22,0.00781756508728618
2016-11-23,0.007830164191417162
2016-11-25,0.007773469424344442
2016-11-28,0.008283721126482221
2016-11-29,0.008126235929395044
2016-11-30,0.008397110660627663
2016-12-01,0.008863266699823708
2016-12-02,0.00889476385939281
2016-12-05,0.007647481386826371
2016-12-06,0.007427001870600981
2016-12-07,0.0076978766018336
2016-12-08,0.007962451781000726
2016-12-09,0.007401804263097366
2016-12-12,0.007962451781000726
2016-12-13,0.008012846996007955
2016-12-14,0.008308918733985838
2016-12-15,0.008056942658949693
2016-12-16,0.007685277497702617
2016-12-19,0.007376606655593752
2016-12-20,0.007212821906441082
2016-12-21,0.007099432973053993
2016-12-22,0.0072002234030684505
2016-12-23,0.007206522354375591
2016-12-27,0.007552989908119053
2016-12-28,0.00815773308896415
2016-12-29,0.008422308268131277
2016-12-30,0.008844368644385583
2017-01-03,0.008094739370584289
2017-01-04,0.007464798582235577
2017-01-05,0.0073514090480901375
2017-01-06,0.007130929531864748
2017-01-09,0.007282115777644785
2017-01-10,0.007238019513944697
2017-01-11,0.007093133420988502
2017-01-12,0.007269516673513802
2017-01-13,0.007074234764792028
2017-01-17,0.00747739708560821
2017-01-18,0.007861660750227917
2017-01-19,0.008050643106884203
2017-01-20,0.007269516673513802
2017-01-23,0.007414403367228348
2017-01-24,0.00697344433477757
2017-01-25,0.006809660186383251
2017-01-26,0.006696270652237811
2017-01-27,0.006664773492668705
2017-01-30,0.007483696637673701
2017-01-31,0.007552989908119053
2017-02-01,0.007439600974731963
2017-02-02,0.007515193797242806
2017-02-03,0.006910450616397708
2017-02-06,0.007162426691433853
2017-02-07,0.007112031476426624
2017-02-08,0.007212821906441082
2017-02-09,0.006853755849324989
2017-02-10,0.006834857793886866
2017-02-13,0.00697344433477757
2017-02-14,0.006765563922683163
2017-02-15,0.007540391404746421
2017-02-16,0.0074081038151628574
2017-02-17,0.007238019513944697
2017-02-21,0.007288414728951926
2017-02-22,0.0073955047110318755
2017-02-23,0.007376606655593752
2017-02-24,0.007225421010572065
2017-02-27,0.007615984227257264
2017-02-28,0.008138835033526026
2017-03-01,0.007899457461862514
2017-03-02,0.007439600974731963
2017-03-03,0.006904151064332217
2017-03-06,0.007080534316857519
2017-03-07,0.007212821906441082
2017-03-08,0.007471097533542718
2017-03-09,0.007748271816840829
2017-03-10,0.0073451094960246465
2017-03-13,0.0071498281880612215
2017-03-14,0.007748271816840829
2017-03-15,0.007326211440586523
2017-03-16,0.007061636261419395
2017-03-17,0.007105731924361133
2017-03-20,0.007143528635995731
2017-03-21,0.007855361798920777
2017-03-22,0.008069541763080675
2017-03-23,0.0082648230710441
2017-03-24,0.008164032641029642
2017-03-27,0.0078742598543589
2017-03-28,0.007263217121448311
2017-03-29,0.00719392385100296
2017-03-30,0.007269516673513802
2017-03-31,0.007792367479782566
2017-04-03,0.007798667031848058
2017-04-04,0.007427001870600981
2017-04-05,0.008119936978087905
2017-04-06,0.007804966583913549
2017-04-07,0.008107337873956922
2017-04-10,0.008850668196451073
2017-04-11,0.009493207488172417
2017-04-12,0.009934166520623197
2017-04-13,0.01005385500607578
2017-04-17,0.00923493186107078
2017-04-18,0.009083746216049095
2017-04-19,0.009405016162288943
2017-04-20,0.008913661914830935
2017-04-21,0.00921603380563266
2017-04-24,0.006828558241821375
2017-04-25,0.006778163026814146
2017-04-26,0.006834857793886866
2017-04-27,0.006526186351019651
2017-04-28,0.006815959137690392
2017-05-01,0.006368701153932472
2017-05-02,0.006671073044734196
2017-05-03,0.006727767811806917
2017-05-04,0.0065891806701578615
2017-05-05,0.006658473940603213
2017-05-08,0.006154521790530925
2017-05-09,0.006274210275983506
2017-05-10,0.006431695473070684
2017-05-11,0.006677372596799688
2017-05-12,0.006551383958523264
2017-05-15,0.006563983062654247
2017-05-16,0.006708869155610442
2017-05-17,0.009820776986477757
2017-05-18,0.00923493186107078
2017-05-19,0.007584487067688159
2017-05-22,0.006885253008894095
2017-05-23,0.006752965419310531
2017-05-24,0.006312006987618103
2017-05-25,0.006293108331421629
2017-05-26,0.006179719398034539
2017-05-30,0.0065387854551506325
2017-05-31,0.006557683510588756
2017-06-01,0.006230114613041768
2017-06-02,0.006141922686399942
2017-06-05,0.006343503546428858
2017-06-06,0.006582881118092371
2017-06-07,0.006545085007216124
2017-06-08,0.006400198313501578
2017-06-09,0.0067403663151795485
2017-06-12,0.007219121458506573
2017-06-13,0.006563983062654247
2017-06-14,0.006702570204303302
2017-06-15,0.006866354352697621
2017-06-16,0.0065387854551506325
2017-06-19,0.006532485903085142
2017-06-20,0.0068411567451940065
2017-06-21,0.006771863474748654
2017-06-22,0.006601779173530493
2017-06-23,0.006312006987618103
2017-06-26,0.006236413564348909
2017-06-27,0.006967145383470429
2017-06-28,0.006318305938925243
2017-06-29,0.007206522354375591
2017-06-30,0.007042738205981273
2017-07-03,0.007067935813484887
2017-07-05,0.00697344433477757
2017-07-06,0.007899457461862514
2017-07-07,0.0070490371572884125
2017-07-10,0.0069986419422811835
2017-07-11,0.006860055401390479
2017-07-12,0.006488390240143404
2017-07-13,0.006236413564348909
2017-07-14,0.005990737041378255
2017-07-17,0.00618601834934168
2017-07-18,0.006230114613041768
2017-07-19,0.006167120293903557
2017-07-20,0.006034832704319993
2017-07-21,0.005896245562670939
2017-07-24,0.005940341826371026
2017-07-25,0.005940341826371026
2017-07-26,0.006047431808450976
2017-07-27,0.006368701153932472
2017-07-28,0.006482090688077913
2017-07-31,0.006463192632639789
2017-08-01,0.006356102650559841
2017-08-02,0.006475791136012422
2017-08-03,0.00657658156602688
2017-08-04,0.006318305938925243
2017-08-07,0.006255312220545383
2017-08-08,0.006904151064332217
2017-08-09,0.0069986419422811835
2017-08-10,0.010104250821841358
2017-08-11,0.009770381771470528
2017-08-14,0.007767169872278951
2017-08-15,0.007584487067688159
2017-08-16,0.0073955047110318755
2017-08-17,0.009795579378974142
2017-08-18,0.008982955786034637
2017-08-21,0.008308918733985838
2017-08-22,0.0071498281880612215
2017-08-23,0.007716774657271722
2017-08-24,0.0077041755531407395
2017-08-25,0.007105731924361133
2017-08-28,0.007130929531864748
2017-08-29,0.00737030710352826
2017-08-30,0.007067935813484887
2017-08-31,0.006671073044734196
2017-09-01,0.006381300258063455
2017-09-05,0.0077041755531407395
2017-09-06,0.007326211440586523
2017-09-07,0.007275816225579294
2017-09-08,0.007634882282695388
2017-09-11,0.006759264370617671
2017-09-12,0.006664773492668705
2017-09-13,0.006614378277661476
2017-09-14,0.00657658156602688
2017-09-15,0.006406497865567069
2017-09-18,0.006393898761436087
2017-09-19,0.00641279741763256
2017-09-20,0.006160820741838065
2017-09-21,0.006091527471392713
2017-09-22,0.006041132256385484
2017-09-25,0.006431695473070684
2017-09-26,0.006406497865567069
2017-09-27,0.006217515508910786
2017-09-28,0.00601593464888187
2017-09-29,0.005990737041378255
2017-10-02,0.005952940329743658
2017-10-03,0.005990737041378255
2017-10-04,0.006066329863889099
2017-10-05,0.005789155580590989
2017-10-06,0.0060789283672617305
2017-10-09,0.006507288295581527
2017-10-10,0.006349803098494349
2017-10-11,0.006204917005538154
2017-10-12,0.0062427131164144
2017-10-13,0.006053730759758116
2017-10-16,0.0062427131164144
2017-10-17,0.006494689792208895
2017-10-18,0.006343503546428858
2017-10-19,0.006330905043056226
2017-10-20,0.006280509828048997
2017-10-23,0.00697344433477757
2017-10-24,0.00703013910185029
2017-10-25,0.007074234764792028
2017-10-26,0.007118331028492116
2017-10-27,0.006173419845969048
2017-10-30,0.006614378277661476
2017-10-31,0.00641279741763256
2017-11-01,0.006425395921005193
2017-11-02,0.006255312220545383
2017-11-03,0.005757659021780235
2017-11-06,0.005921443170174553
2017-11-07,0.006230114613041768
2017-11-08,0.006160820741838065
2017-11-09,0.006614378277661476
2017-11-10,0.007112031476426624
2017-11-13,0.007244319066010189
2017-11-14,0.0073010138330829085
2017-11-15,0.00827112262310959
2017-11-16,0.0074081038151628574
2017-11-17,0.0072002234030684505
2017-11-20,0.006708869155610442
2017-11-21,0.0061293235822689595
2017-11-22,0.006223815060976277
2017-11-24,0.006091527471392713
2017-11-27,0.006217515508910786
2017-11-28,0.006318305938925243
2017-11-29,0.0067403663151795485
2017-11-30,0.007105731924361133
2017-12-01,0.0072002234030684505
2017-12-04,0.0073577086001556284
2017-12-05,0.00713722908393024
2017-12-06,0.006941947775966815
2017-12-07,0.006400198313501578
2017-12-08,0.006034832704319993
2017-12-11,0.005883647059298306
2017-12-12,0.006249012668479891
2017-12-13,0.00641279741763256
2017-12-14,0.006608078725595984
2017-12-15,0.005934042274305535
2017-12-18,0.006003335544750887
2017-12-19,0.006318305938925243
2017-12-20,0.006123024630961819
2017-12-21,0.006060030311823607
2017-12-22,0.006236413564348909
2017-12-26,0.006456893080574298
2017-12-27,0.006595480222223353
2017-12-28,0.00641279741763256
2017-12-29,0.006954546279339446
2018-01-02,0.006154521790530925
2018-01-03,0.005763957973087375
2018-01-04,0.005808054236787464
2018-01-05,0.005808054236787464
2018-01-08,0.005997036593443747
2018-01-09,0.006349803098494349
2018-01-10,0.00618601834934168
2018-01-11,0.006223815060976277
2018-01-12,0.006400198313501578
2018-01-16,0.0073451094960246465
2018-01-17,0.007502594693111824
2018-01-18,0.0076978766018336
2018-01-19,0.007099432973053993
2018-01-22,0.0069482467272739545
2018-01-23,0.006992342990974044
2018-01-24,0.007225421010572065
2018-01-25,0.0072947142810174176
2018-01-26,0.006979743886843061
2018-01-29,0.00871838060686751
2018-01-30,0.009316824235647118
2018-01-31,0.008529398250211227
2018-02-01,0.008485302587269488
2018-02-02,0.010904274709891528
2018-02-05,0.02350939002893126
2018-02-06,0.01888562454633038
2018-02-07,0.017468257772545775
2018-02-08,0.02107781820141989
2018-02-09,0.018306078972988894
2018-02-12,0.01613278397409586
2018-02-13,0.015729621052521327
2018-02-14,0.012132659727778198
2018-02-15,0.012050766752443511
2018-02-16,0.012258647164537919
2018-02-20,0.012976780480286809
2018-02-21,0.012611414871105224
2018-02-22,0.011792491125341878
2018-02-23,0.010387723455688256
2018-02-26,0.009953064576061321
2018-02-27,0.011710599351523892
2018-02-28,0.012504324889025274
2018-03-01,0.014154769081649546
2018-03-02,0.012340540139872605
2018-03-05,0.011798790677407368
2018-03-06,0.011565713258567697
2018-03-07,0.01118774854525513
2018-03-08,0.010419221216015713
2018-03-09,0.00922233335769815
2018-03-12,0.009940465471930338
2018-03-13,0.010299532129804782
2018-03-14,0.0108538794948843
2018-03-15,0.010450717774826469
2018-03-16,0.009953064576061321
2018-03-19,0.01198147408275651
2018-03-20,0.011464922828553239
2018-03-21,0.011250742864393341
2018-03-22,0.014702818096180275
2018-03-23,0.015666627934899816
2018-03-26,0.013247655211519428
2018-03-27,0.014173667737846021
2018-03-28,0.014406746358202393
2018-03-29,0.012579917110777767
2018-04-02,0.014879201949463926
2018-04-03,0.013291750874461165
2018-04-04,0.012636611877850486
2018-04-05,0.011931078867749282
2018-04-06,0.013537427397431818
2018-04-09,0.013713811250715469
2018-04-10,0.012894887504952122
2018-04-11,0.012750001411995927
2018-04-12,0.011647605032385681
2018-04-13,0.010967269029029739
2018-04-16,0.010431819118629995
2018-04-17,0.009606597022317857
2018-04-18,0.009827076538543247
2018-04-19,0.01005385500607578
2018-04-20,0.010633399978658909
2018-04-23,0.010293232577739292
2018-04-24,0.011351533294407799
2018-04-25,0.011238143760262357
2018-04-26,0.010230238258601079
2018-04-27,0.009707387452332315
2018-04-30,0.010034956950637655
2018-05-01,0.009757782667339546
2018-05-02,0.01006015455814127
2018-05-03,0.01001605829444118
2018-05-04,0.009304225732274485
2018-05-07,0.009291626628143502
2018-05-08,0.009266429020639887
2018-05-09,0.008453805427700384
2018-05-10,0.008334116341489452
2018-05-11,0.007968750732307866
2018-05-14,0.008145134585591518
2018-05-15,0.00921603380563266
2018-05-16,0.008453805427700384
2018-05-17,0.008460104979765876
2018-05-18,0.008453805427700384
2018-05-21,0.008239625463540484
2018-05-22,0.008327817390182311
2018-05-23,0.007924655069366128
2018-05-24,0.007893157909797024
2018-05-25,0.008327817390182311
2018-05-29,0.010721592506059087
2018-05-30,0.009411315113596084
2018-05-31,0.009719986556463299
2018-06-01,0.008479003035203997
2018-06-04,0.008025445499380586
2018-06-05,0.0078112655352206885
2018-06-06,0.007332510992652014
2018-06-07,0.007641181834760879
2018-06-08,0.007672678994329984
2018-06-11,0.007779768976409933
2018-06-12,0.007773469424344442
2018-06-13,0.00815143353689866
2018-06-14,0.007634882282695388
2018-06-15,0.007546690356053562
2018-06-18,0.00775457136890632
2018-06-19,0.008409709764758645
2018-06-20,0.008056942658949693
2018-06-21,0.00922233335769815
2018-06-22,0.008674284943925773
2018-06-25,0.010916873814022511
2018-06-26,0.010028657398572163
2018-06-27,0.011282239423204096
2018-06-28,0.010614502523979137
2018-06-29,0.010135747380652113
2018-07-02,0.009827076538543247
2018-07-03,0.010167243939462868
2018-07-05,0.009430213769792556
2018-07-06,0.008422308268131277
2018-07-09,0.007993948339811482
2018-07-10,0.007962451781000726
2018-07-11,0.008586093017283946
2018-07-12,0.007924655069366128
2018-07-13,0.007672678994329984
2018-07-16,0.008082140266453307
2018-07-17,0.007597086171819142
2018-07-18,0.007622283779322755
2018-07-19,0.008107337873956922
2018-07-20,0.00810103832189143
2018-07-23,0.007949852676869745
2018-07-24,0.00781756508728618
2018-07-25,0.007741972264775337
2018-07-26,0.007647481386826371
2018-07-27,0.00820812830397138
2018-07-30,0.008982955786034637
2018-07-31,0.008082140266453307
2018-08-01,0.008283721126482221
2018-08-02,0.007678977945637125
2018-08-03,0.007332510992652014
2018-08-06,0.007099432973053993
2018-08-07,0.006885253008894095
2018-08-08,0.006834857793886866
2018-08-09,0.007099432973053993
2018-08-10,0.008290020678547715
2018-08-13,0.009310524683581626
2018-08-14,0.008384512157255032
2018-08-15,0.00922233335769815
2018-08-16,0.008472703483138506
2018-08-17,0.007962451781000726
2018-08-20,0.00786796030229341
2018-08-21,0.00810103832189143
2018-08-22,0.007716774657271722
2018-08-23,0.00781756508728618
2018-08-24,0.007552989908119053
2018-08-27,0.0076600798901990015
2018-08-28,0.0078742598543589
2018-08-29,0.007716774657271722
2018-08-30,0.008523098698145735
2018-08-31,0.00810103832189143
2018-09-04,0.008290020678547715
2018-09-05,0.00876247626980925
2018-09-06,0.00922863230900529
2018-09-07,0.009373519002719837
2018-09-10,0.008919961466896425
2018-09-11,0.008327817390182311
2018-09-12,0.008277422175175082
2018-09-13,0.007792367479782566
2018-09-14,0.007603385123126282
2018-09-17,0.008617590176853053
2018-09-18,0.008056942658949693
2018-09-19,0.007401804263097366
2018-09-20,0.007433301422666472
2018-09-21,0.0073577086001556284
2018-09-24,0.007685277497702617
2018-09-25,0.007823864639351672
2018-09-26,0.008119936978087905
2018-09-27,0.00781756508728618
2018-09-28,0.007634882282695388
2018-10-01,0.0075592894601845435
2018-10-02,0.00759078661975365
2018-10-03,0.00731361233645554
2018-10-04,0.008957758178531023
2018-10-05,0.009335722291085239
2018-10-08,0.009883770704857617
2018-10-09,0.010047555454010286
2018-10-10,0.014463439923758412
2018-10-11,0.01573592060458682
2018-10-12,0.013424037863286378
2018-10-15,0.013417738311220884
2018-10-16,0.011099557219371654
2018-10-17,0.010960969476964249
2018-10-18,0.012636611877850486
2018-10-19,0.012529521895770538
2018-10-22,0.01237203669868336
2018-10-23,0.013046073149973808
2018-10-24,0.015893405801673994
2018-10-25,0.015257165461259792
2018-10-26,0.015219369350383545
2018-10-29,0.015559537952819866
2018-10-30,0.014709117648245765
2018-10-31,0.013373642648279147
2018-11-01,0.012183054942785427
2018-11-02,0.012290144924865375
2018-11-05,0.012573617558712277
2018-11-06,0.012542120999901521
2018-11-07,0.010305831681870273
2018-11-08,0.010532609548644453
2018-11-09,0.010935772470218985
2018-11-12,0.012882289602337841
2018-11-13,0.012611414871105224
2018-11-14,0.01338624175241013
2018-11-15,0.012586216662843258
2018-11-16,0.011427125516160291
2018-11-19,0.012661810086112451
2018-11-20,0.014161068633715038
2018-11-21,0.013102767917046529
2018-11-23,0.013556326053628292
2018-11-26,0.011905880659487316
2018-11-27,0.01198147408275651
2018-11-28,0.011647605032385681
2018-11-29,0.011836587989800315
2018-11-30,0.011383029853218554
2018-12-03,0.0103562268968775
2018-12-04,0.013064971806170283
2018-12-06,0.013348445641533884
2018-12-07,0.014633524224976572
2018-12-10,0.014261859063729496
2018-12-11,0.013707511698649978
2018-12-12,0.013518528741235342
2018-12-13,0.013008277039097562
2018-12-14,0.013625618723315292
2018-12-17,0.015446148418674427
2018-12-18,0.016113885317899385
2018-12-19,0.016113885317899385
2018-12-20,0.0178777190446691
2018-12-21,0.01896751752166506
2018-12-24,0.022721964043495368
2018-12-26,0.019156499277562997
2018-12-27,0.018873025442199393
2018-12-28,0.017852522037923833
2018-12-31,0.016013094887884927
2019-01-02,0.01462722467291108
2019-01-03,0.0160319935440814
2019-01-04,0.013468133526228115
2019-01-07,0.013480732630359097
2019-01-08,0.012894887504952122
2019-01-09,0.012586216662843258
2019-01-10,0.012283845372799885
2019-01-11,0.011458623276487749
2019-01-14,0.012012970641567266
2019-01-15,0.011716898903589384
2019-01-16,0.011994073186887494
2019-01-17,0.011376730301153062
2019-01-18,0.011212945552000394
2019-01-22,0.013102767917046529
2019-01-23,0.012296444476930868
2019-01-24,0.011899581107421826
2019-01-25,0.010973568581095232
2019-01-28,0.011886983204807544
2019-01-29,0.012050766752443511
2019-01-30,0.011124754226116917
2019-01-31,0.010438118670695487
2019-02-01,0.010167243939462868
2019-02-04,0.009908968312361231
2019-02-05,0.009808177882346773
2019-02-06,0.009688489396894193
2019-02-07,0.010312131233935764
2019-02-08,0.00990266936105409
2019-02-11,0.01006015455814127
2019-02-12,0.009719986556463299
2019-02-13,0.009858573097354004
2019-02-14,0.010217639154470095
2019-02-15,0.00939241705815796
2019-02-19,0.009373519002719837
2019-02-20,0.00883177014101295
2019-02-21,0.00910894382355271
2019-02-22,0.008510500194773103
2019-02-25,0.009354620947281714
2019-02-26,0.00955620180731063
2019-02-27,0.009260129468574397
2019-02-28,0.009310524683581626
2019-03-01,0.00854829630564935
2019-03-04,0.00921603380563266
2019-03-05,0.009285327076078011
2019-03-06,0.009915267864426721
2019-03-07,0.010450717774826469
2019-03-08,0.010110549172390147
2019-03-11,0.009027051448976375
2019-03-12,0.008674284943925773
2019-03-13,0.008447505875634892
2019-03-14,0.008504200642707613
2019-03-15,0.008113637426022413
2019-03-18,0.008252224567671468
2019-03-19,0.00854199735434221
2019-03-20,0.00876247626980925
2019-03-21,0.008586093017283946
2019-03-22,0.010381423903622766
2019-03-25,0.010286933025673798
2019-03-26,0.009247530965201764
2019-03-27,0.009543602703179648
2019-03-28,0.009090045768114586
2019-03-29,0.008636488232291175
2019-04-01,0.0084412063235694
2019-04-02,0.008416008716065786
2019-04-03,0.008655386287729298
2019-04-04,0.00855459585771484
2019-04-05,0.008075840714387815
2019-04-08,0.008302619782678697
2019-04-09,0.008995554289407268
2019-04-10,0.008378212605189539
2019-04-11,0.008201829352664239
2019-04-12,0.007565589012250035
2019-04-15,0.0077608703202134595
2019-04-16,0.007672678994329984
2019-04-17,0.00793725417349711
2019-04-18,0.007615984227257264
2019-04-22,0.007823864639351672
2019-04-23,0.007735672712709846
2019-04-24,0.008277422175175082
2019-04-25,0.008346715445620434
2019-04-26,0.008019145947315096
2019-04-29,0.008258523518978609
2019-04-30,0.0082648230710441
2019-05-01,0.009323123787712608
2019-05-02,0.009083746216049095
2019-05-03,0.008107337873956922
2019-05-06,0.00972628550777044
2019-05-07,0.012170455838654445
2019-05-08,0.012220851053661672
2019-05-09,0.01203186929776374
2019-05-10,0.010104250821841358
2019-05-13,0.01294528271995935
2019-05-14,0.011376730301153062
2019-05-15,0.0103562268968775
2019-05-16,0.009631794629821472
2019-05-17,0.01005385500607578
2019-05-20,0.010274333921542816
2019-05-21,0.009417614665661574
2019-05-22,0.009291626628143502
2019-05-23,0.010658598186920875
2019-05-24,0.009984561735630426
2019-05-28,0.01102396379610246
2019-05-29,0.011275939871138604
2019-05-30,0.010897975157826038
2019-05-31,0.011786191573276384
2019-06-03,0.011880683652742053
2019-06-04,0.01069009474573163
2019-06-05,0.010135747380652113
2019-06-06,0.010034956950637655
2019-06-07,0.010268034369477326
2019-06-10,0.010041255901944796
2019-06-11,0.0100727530615139
2019-06-12,0.010022357846506673
2019-06-13,0.009965663079433952
2019-06-14,0.009625495077755982
2019-06-17,0.00966959134145607
2019-06-18,0.009543602703179648
2019-06-19,0.009027051448976375
2019-06-20,0.009291626628143502
2019-06-21,0.009701087900266825
2019-06-24,0.009612896574383351
2019-06-25,0.010255436466863044
2019-06-26,0.010211339602404605
2019-06-27,0.009965663079433952
2019-06-28,0.00949950704023791
2019-07-01,0.008856967748516565
2019-07-02,0.008145134585591518
2019-07-03,0.007918355517300638
2019-07-05,0.008365613501058558
2019-07-08,0.008793973429378354
2019-07-09,0.008875865803954688
2019-07-10,0.00820812830397138
2019-07-11,0.008145134585591518
2019-07-12,0.007804966583913549
2019-07-15,0.007987649388504341
2019-07-16,0.00810103832189143
2019-07-17,0.008800272981443846
2019-07-18,0.008523098698145735
2019-07-19,0.00910264427148722
2019-07-22,0.008523098698145735
2019-07-23,0.007943553124804251
2019-07-24,0.007603385123126282
2019-07-25,0.008025445499380586
2019-07-26,0.0076600798901990015
2019-07-29,0.008082140266453307
2019-07-30,0.00878137432524737
2019-07-31,0.010154646036848586
2019-08-01,0.011257042416458833
2019-08-02,0.011093257667306162
2019-08-05,0.015490244081616164
2019-08-06,0.01270590574905419
2019-08-07,0.012277545820734393
2019-08-08,0.010652298634855385
2019-08-09,0.011320035534080343
2019-08-12,0.013285451322395673
2019-08-13,0.011036562900233441
2019-08-14,0.013921691662809875
2019-08-15,0.013342146089468392
2019-08-16,0.0116350059282547
2019-08-19,0.010633399978658909
2019-08-20,0.01102396379610246
2019-08-21,0.009953064576061321
2019-08-22,0.01050741254189919
2019-08-23,0.012516923993156256
2019-08-26,0.012170455838654445
2019-08-27,0.012794097074937665
2019-08-28,0.012189354494850917
2019-08-29,0.011263340767007623
2019-08-30,0.011956275874494545
2019-09-03,0.012384635802814343
2019-09-04,0.010916873814022511
2019-09-05,0.010249136914797553
2019-09-06,0.00944911182523068
2019-09-09,0.009619196126448841
2019-09-10,0.009575099862748751
2019-09-11,0.009203434701501678
2019-09-12,0.008957758178531023
2019-09-13,0.008655386287729298
2019-09-16,0.009241231413136274
2019-09-17,0.009096344719421726
2019-09-18,0.008787673877312862
2019-09-19,0.008850668196451073
2019-09-20,0.009650692685259596
2019-09-23,0.00939241705815796
2019-09-24,0.01074048996073886
2019-09-25,0.01005385500607578
2019-09-26,0.01012314827652113
2019-09-27,0.010847579942818809
2019-09-30,0.010230238258601079
2019-10-01,0.01169170069532742
2019-10-02,0.012951582272024843
2019-10-03,0.012044468401894722
2019-10-04,0.01073419161019007
2019-10-07,0.011250742864393341
2019-10-08,0.012775199620257893
2019-10-09,0.011742095910334647
2019-10-10,0.011068059459044197
2019-10-11,0.009814477434412267
2019-10-14,0.009178237093998062
2019-10-15,0.008529398250211227
2019-10-16,0.008617590176853053
2019-10-17,0.008686883447298404
2019-10-18,0.008976656233969146
2019-10-21,0.008819171036881969
2019-10-22,0.00910894382355271
2019-10-23,0.008825470588947459
2019-10-24,0.008636488232291175
2019-10-25,0.007968750732307866
2019-10-28,0.008258523518978609
2019-10-29,0.008315218286051328
2019-10-30,0.007767169872278951
2019-10-31,0.008327817390182311
2019-11-01,0.007748271816840829
2019-11-04,0.008082140266453307
2019-11-05,0.008252224567671468
2019-11-06,0.007949852676869745
2019-11-07,0.008019145947315096
2019-11-08,0.007603385123126282
2019-11-11,0.007993948339811482
2019-11-12,0.007987649388504341
2019-11-13,0.008189230248533257
2019-11-14,0.008220727408102363
2019-11-15,0.00759078661975365
2019-11-18,0.007849062246855287
2019-11-19,0.00810103832189143
2019-11-20,0.008050643106884203
2019-11-21,0.00827112262310959
2019-11-22,0.007773469424344442
2019-11-25,0.00747739708560821
2019-11-26,0.007269516673513802
2019-11-27,0.007401804263097366
2019-11-29,0.007949852676869745
2019-12-02,0.00939241705815796
2019-12-03,0.01005385500607578
2019-12-04,0.009323123787712608
2019-12-05,0.009146740535187306
2019-12-06,0.008579793465218455
2019-12-09,0.009990860686937567
2019-12-10,0.009877471753550476
2019-12-11,0.00944281227316519
2019-12-12,0.00878137432524737
2019-12-13,0.007956152228935235
2019-12-16,0.007647481386826371
2019-12-17,0.007741972264775337
2019-12-18,0.007924655069366128
2019-12-19,0.0078742598543589
2019-12-20,0.007880559406424391
2019-12-23,0.007943553124804251
2019-12-24,0.00798134983643885
2019-12-26,0.007968750732307866
2019-12-27,0.008460104979765876
2019-12-30,0.009335722291085239
2019-12-31,0.008680583895232913
2020-01-02,0.007855361798920777
2020-01-03,0.00883177014101295
2020-01-06,0.008724680158933002
2020-01-07,0.008686883447298404
2020-01-08,0.008472703483138506
2020-01-09,0.007899457461862514
2020-01-10,0.007912056565993498
2020-01-13,0.0077608703202134595
2020-01-14,0.007804966583913549
2020-01-15,0.007823864639351672
2020-01-16,0.0077608703202134595
2020-01-17,0.007622283779322755
2020-01-21,0.008094739370584289
2020-01-22,0.008132535481460536
2020-01-23,0.008176631144402273
2020-01-24,0.009171938142690923
2020-01-27,0.011483820283233012
2020-01-28,0.010255436466863044
2020-01-29,0.010324729136550045
2020-01-30,0.009757782667339546
2020-01-31,0.01186808454861107
2020-02-03,0.011320035534080343
2020-02-04,0.010110549172390147
2020-02-05,0.009543602703179648
2020-02-06,0.009423914217727066
2020-02-07,0.009745184163966913
2020-02-10,0.009474309432734295
2020-02-11,0.00956250135937612
2020-02-12,0.008655386287729298
2020-02-13,0.008913661914830935
2020-02-14,0.008617590176853053
2020-02-18,0.009342021843150732
2020-02-19,0.009058548608545481
2020-02-20,0.009801878931039633
2020-02-21,0.010759388616935333
2020-02-24,0.015767418364914274
2020-02-25,0.017543851195814968
2020-02-26,0.017361167790465825
2020-02-27,0.024668481175614227
2020-02-28,0.025266925405152185
2020-03-02,0.021052619993157922
2020-03-03,0.023194419634756904
2020-03-04,0.020151805675093296
2020-03-05,0.024958253361526617
2020-03-06,0.026419715798252957
2020-03-09,0.03430657475674284
2020-03-10,0.029796198808287398
2020-03-11,0.03395380945320894
2020-03-12,0.04754163206564798
2020-03-13,0.036429476943662054
2020-03-16,0.052089805326496375
2020-03-17,0.04781880755046279
2020-03-18,0.04815897134683231
2020-03-19,0.04535573676110726
2020-03-20,0.04160129023927696
2020-03-23,0.03879805325051851
2020-03-24,0.03884844726400904
2020-03-25,0.040284713895506814
2020-03-26,0.03842638808927143
2020-03-27,0.0412863198451026
2020-03-30,0.03595702135240051
2020-03-31,0.033727030384918054
2020-04-01,0.035944422248269534
2020-04-02,0.03207028543871159
2020-04-03,0.02948122841411304
2020-04-06,0.028498522322230428
2020-04-07,0.02941823529649153
2020-04-08,0.027307932213703305
2020-04-09,0.026249631497034794
2020-04-13,0.02593466110286044
2020-04-14,0.023786563110712672
2020-04-15,0.025726781892282734
2020-04-16,0.025266925405152185
2020-04-17,0.024032242036716726
2020-04-20,0.02761030590678008
2020-04-21,0.028605611102793676
2020-04-22,0.026444914006514924
2020-04-23,0.026066950494719056
2020-04-24,0.022633772717611893
2020-04-27,0.02097072942085664
2020-04-28,0.02114711207262359
2020-04-29,0.01967305053176627
2020-04-30,0.021512478883321876
2020-05-01,0.023427497053596577
2020-05-04,0.02265897092587386
2020-05-05,0.021172310280885558
2020-05-06,0.0214935790256087
2020-05-07,0.01980533872210818
2020-05-08,0.017625742969632954
2020-05-11,0.01736746734253132
2020-05-12,0.020813244223769463
2020-05-13,0.02222431024397187
2020-05-14,0.020542369492536842
2020-05-15,0.020088811355955083
2020-05-18,0.01845726461801058
2020-05-19,0.01923209270083219
2020-05-20,0.017632042521698445
2020-05-21,0.01860215191248348
2020-05-22,0.017739132503778395
2020-05-26,0.01764464162582943
2020-05-27,0.017398965102858776
2020-05-28,0.018010007235011012
2020-05-29,0.01732967123165507
2020-06-01,0.017783228166720132
2020-06-02,0.016907610855400768
2020-06-03,0.016164280532906614
2020-06-04,0.01625877141085558
2020-06-05,0.015446148418674427
2020-06-08,0.01625877141085558
2020-06-09,0.01736746734253132
2020-06-10,0.01736746734253132
2020-06-11,0.025695285333471977
2020-06-12,0.022734563147626355
2020-06-15,0.021669964080409054
2020-06-16,0.0212101051902451
2020-06-17,0.02108411895500208
2020-06-18,0.020750248703114548
2020-06-19,0.022123519813957413
2020-06-22,0.02001321913420259
2020-06-23,0.019761243059166444
2020-06-24,0.02131719637384175
2020-06-25,0.02029669296956619
2020-06-26,0.02187784329098676
2020-06-29,0.02001951868626808
2020-06-30,0.019169098381693978
2020-07-01,0.018028905891207488
2020-07-02,0.01743676121373502
2020-07-06,0.017600545962887692
2020-07-07,0.018539157593345266
2020-07-08,0.017688737288771166
2020-07-09,0.01843206761126532
2020-07-10,0.017191084690764368
2020-07-13,0.020277793111853012
2020-07-14,0.018595852360417987
2020-07-15,0.01748715642874225
2020-07-16,0.017638342073763937
2020-07-17,0.016176879637037598
2020-07-20,0.015408351106281479
2020-07-21,0.015647729278703344
2020-07-22,0.015320159780398003
2020-07-23,0.01642885571207374
2020-07-24,0.016277670067052052
2020-07-27,0.015584734959565132
2020-07-28,0.01602569399201591
2020-07-29,0.0151815732395073
2020-07-30,0.015597334063696115
2020-07-31,0.015408351106281479
2020-08-03,0.015294962773652741
2020-08-04,0.014967393275347402
2020-08-05,0.014482338579954885
2020-08-06,0.014268158615794986
2020-08-07,0.013990984332496877
2020-08-10,0.013940589117489648
2020-08-11,0.015137477576565563
2020-08-12,0.014035081196955316
2020-08-13,0.013940589117489648
2020-08-14,0.013890193902482419
2020-08-17,0.013449236071548342
2020-08-18,0.0135500265015628
2020-08-19,0.014198865946107987
2020-08-20,0.014312254278736725
2020-08-21,0.014198865946107987
2020-08-24,0.014091775964028035
2020-08-25,0.013877595999868137
2020-08-26,0.014658722433238538
2020-08-27,0.015414650658346971
2020-08-28,0.014463439923758412
2020-08-31,0.016636736124168147
2020-09-01,0.016454053920335707
2020-09-02,0.016737526554182605
2020-09-03,0.021166009527303364
2020-09-04,0.019370679241722893
2020-09-08,0.019817936624722463
2020-09-09,0.018148593775901715
2020-09-10,0.018715540245112218
2020-09-11,0.01692650951159724
2020-09-14,0.016283969619117548
2020-09-15,0.016120184869964874
2020-09-16,0.016403658705328478
2020-09-17,0.016668232682978904
2020-09-18,0.016271370514986564
2020-09-21,0.01749975553287323
2020-09-22,0.01692020995953175
2020-09-23,0.018003707682945524
2020-09-24,0.017959612020003783
2020-09-25,0.016617837467971675
2020-09-28,0.016498149583277444
2020-09-29,0.016548544798284673
2020-09-30,0.016611539117422885
2020-10-01,0.01681941952951729
2020-10-02,0.017405263453407562
2020-10-05,0.017613143865501973
2020-10-06,0.018570654152156023
2020-10-07,0.017676138184640183
2020-10-08,0.016605239565357394
2020-10-09,0.0157485197087178
2020-10-12,0.01579261537165954
2020-10-13,0.01642255616000825
2020-10-14,0.016630436572102655
2020-10-15,0.01698950262921875
2020-10-16,0.01726667691251686
2020-10-19,0.018381672396258087
2020-10-20,0.018488762378338037
2020-10-21,0.01804780334588726
2020-10-22,0.017707635944967638
2020-10-23,0.017354868238400337
2020-10-26,0.020447877413071174
2020-10-27,0.021008524330216185
2020-10-28,0.025374014185715433
2020-10-29,0.02367947433014942
2020-10-30,0.023950349061382038
2020-11-02,0.02338970214423703
2020-11-03,0.022394394545190034
2020-11-04,0.01862734891922874
2020-11-05,0.01737376689459681
2020-11-06,0.015660328382834324
2020-11-09,0.016220975299979335
2020-11-10,0.015622531070441377
2020-11-11,0.014772111967383976
2020-11-12,0.01596899922494319
2020-11-13,0.014551632451158588
2020-11-16,0.014142171179035266
2020-11-17,0.014305954726671233
2020-11-18,0.015017788490354629
2020-11-19,0.01455793200322408
2020-11-20,0.014929597164471155
2020-11-23,0.01427445816786048
2020-11-24,0.013631918275380784
2020-11-25,0.01338624175241013
2020-11-27,0.013127966125308494
2020-11-30,0.012957881824090333
2020-12-01,0.013083870462366757
2020-12-02,0.013335846537402902
2020-12-03,0.013405140408606605
2020-12-04,0.013096469566497739
2020-12-07,0.013417738311220884
2020-12-08,0.013027175695294036
2020-12-09,0.014028781644889824
2020-12-10,0.014186266841977003
2020-12-11,0.014683919439983801
2020-12-14,0.01557213585543415
2020-12-15,0.014419344260816674
2020-12-16,0.014173667737846021
2020-12-17,0.013814601680729927
2020-12-18,0.013587822612439045
2020-12-21,0.015849310138732257
2020-12-22,0.015263465013325284
2020-12-23,0.014683919439983801
2020-12-24,0.013562625605693783
2020-12-28,0.013669715587773731
2020-12-29,0.014539033347027604
2020-12-30,0.014343752039064182
2020-12-31,0.014331152934933198
2021-01-04,0.01698950262921875
2021-01-05,0.0159626996728777
2021-01-06,0.01579261537165954
2021-01-07,0.014091775964028035
2021-01-08,0.013581523060373555
2021-01-11,0.015168974135376318
2021-01-12,0.014696518544114783
2021-01-13,0.013990984332496877
2021-01-14,0.014646123329107556
2021-01-15,0.015332758884528987
2021-01-19,0.014639823777042062
2021-01-20,0.013594122164504539
2021-01-21,0.013430337415351868
2021-01-22,0.013802002576598945
2021-01-25,0.014608327218231307
2021-01-26,0.014501237236151359
2021-01-27,0.023440096157727557
2021-01-28,0.019030510639286572
2021-01-29,0.020844740782580216
2021-02-01,0.019049409295483048
2021-02-02,0.016101286213768405
2021-02-03,0.014431943364947656
2021-02-04,0.013713811250715469
2021-02-05,0.01314686478150497
2021-02-08,0.013379942200344639
2021-02-09,0.013625618723315292
2021-02-10,0.013852397791606172
2021-02-11,0.01338624175241013
2021-02-12,0.012579917110777767
2021-02-16,0.013518528741235342
2021-02-17,0.013543726949497308
2021-02-18,0.014167368185780528
2021-02-19,0.013890193902482419
2021-02-22,0.014772111967383976
2021-02-23,0.01455793200322408
2021-02-24,0.01344293651948285
2021-02-25,0.018198988990908944
2021-02-26,0.01760684551495318
2021-03-01,0.014709117648245765
2021-03-02,0.0151815732395073
2021-03-03,0.016800520873320814
2021-03-04,0.01799740813088003
2021-03-05,0.015534339744557903
2021-03-08,0.01604459144669568
2021-03-09,0.015137477576565563
2021-03-10,0.014211463848722267
2021-03-11,0.013802002576598945
2021-03-12,0.013033475247359528
2021-03-15,0.012617714423170714
2021-03-16,0.012466528778149029
2021-03-17,0.012113761071581724
2021-03-18,0.013594122164504539
2021-03-19,0.013197259996512197
2021-03-22,0.011893281555356336
2021-03-23,0.012787797522872174
2021-03-24,0.013354745193599376
2021-03-25,0.012479126680763309
2021-03-26,0.011880683652742053
2021-03-29,0.013064971806170283
2021-03-30,0.012353139244003587
2021-03-31,0.012220851053661672
2021-04-01,0.010916873814022511
2021-04-05,0.011282239423204096
2021-04-06,0.011414527613546012
2021-04-07,0.010809783831942563
2021-04-08,0.01067749684311735
2021-04-09,0.01051371209396468
2021-04-12,0.010652298634855385
2021-04-13,0.010488513885702714
2021-04-14,0.010702693849862614
2021-04-15,0.010438118670695487
2021-04-16,0.01023653781066657
2021-04-19,0.010891676807277246
2021-04-20,0.011767294118596613
2021-04-21,0.01102396379610246
2021-04-22,0.011786191573276384
2021-04-23,0.010916873814022511
2021-04-26,0.011112155121985936
2021-04-27,0.011061759906978707
2021-04-28,0.010885377255211756
2021-04-29,0.011093257667306162
2021-04-30,0.011723198455654876
2021-05-03,0.011534215498240241
2021-05-04,0.012271246268668903
2021-05-05,0.012063365856574495
2021-05-06,0.011584610713247468
2021-05-07,0.01051371209396468
2021-05-10,0.012384635802814343
2021-05-11,0.013757906913657206
2021-05-12,0.0173800664466623
2021-05-13,0.01457052990583836
2021-05-14,0.011849185892414597
2021-05-17,0.012422431913690588
2021-05-18,0.01344293651948285
2021-05-19,0.013972086877817105
2021-05-20,0.013020876143228546
2021-05-21,0.012693306644923207
2021-05-24,0.011590910265312962
2021-05-25,0.01186808454861107
2021-05-26,0.010935772470218985
2021-05-27,0.010545208652775435
2021-05-28,0.010557807756906417
2021-06-01,0.011275939871138604
2021-06-02,0.011011364691971478
2021-06-03,0.01136413239853878
2021-06-04,0.010343627792746519
2021-06-07,0.010343627792746519
2021-06-08,0.010753089064869843
2021-06-09,0.011269640319073113
2021-06-10,0.010142046932717603
2021-06-11,0.009858573097354004
2021-06-14,0.010324729136550045
2021-06-15,0.010721592506059087
2021-06-16,0.011433425068225783
2021-06-17,0.011181448993189638
2021-06-18,0.013039774799425018
2021-06-21,0.011269640319073113
2021-06-22,0.010494813437768206
2021-06-23,0.010280633473608308
2021-06-24,0.01006015455814127
2021-06-25,0.00983967504191588
2021-06-28,0.009927866968557705
2021-06-29,0.010091651717710376
2021-06-30,0.009971962631499442
2021-07-01,0.009751483115274054
2021-07-02,0.009493207488172417
2021-07-06,0.0103562268968775
2021-07-07,0.010205041251855815
2021-07-08,0.011968874978625529
2021-07-09,0.010192442147724834
2021-07-12,0.01018614259565934
2021-07-13,0.010784586825197298
2021-07-14,0.010286933025673798
2021-07-15,0.010715292953993595
2021-07-16,0.011622408025640418
2021-07-19,0.014173667737846021
2021-07-20,0.01242873146575608
2021-07-21,0.011282239423204096
2021-07-22,0.011143652882313393
2021-07-23,0.010834982040204527
2021-07-26,0.01107435901110969
2021-07-27,0.01219565404691641
2021-07-28,0.011534215498240241
2021-07-29,0.011149952434378883
2021-07-30,0.011490119835298504
2021-08-02,0.012258647164537919
2021-08-03,0.01136413239853878
2021-08-04,0.011320035534080343
2021-08-05,0.010885377255211756
2021-08-06,0.010173543491528358
2021-08-09,0.010532609548644453
2021-08-10,0.010576706413102892
2021-08-11,0.01018614259565934
2021-08-12,0.009820776986477757
2021-08-13,0.00973258505983593
2021-08-16,0.010154646036848586
2021-08-17,0.011282239423204096
2021-08-18,0.013587822612439045
2021-08-19,0.013650816931577258
2021-08-20,0.01169170069532742
2021-08-23,0.010803484279877072
2021-08-24,0.010847579942818809
2021-08-25,0.010576706413102892
2021-08-26,0.01186808454861107
2021-08-27,0.010324729136550045
2021-08-30,0.010198741699790324
2021-08-31,0.010381423903622766
2021-09-01,0.010148346484783095
2021-09-02,0.010337328240681029
2021-09-03,0.010337328240681029
2021-09-07,0.011427125516160291
2021-09-08,0.01131373598201485
2021-09-09,0.011842886340349105
2021-09-10,0.013197259996512197
2021-09-13,0.0122019535989819
2021-09-14,0.012258647164537919
2021-09-15,0.011452323724422257
2021-09-16,0.011773593670662103
2021-09-17,0.01310906746911202
2021-09-20,0.016195777091717368
2021-09-21,0.015345357988659969
2021-09-22,0.01314686478150497
2021-09-23,0.011735796358269157
2021-09-24,0.011181448993189638
2021-09-27,0.01181768933360384
2021-09-28,0.014646123329107556
2021-09-29,0.014211463848722267
2021-09-30,0.014576829457903851
2021-10-01,0.013291750874461165
2021-10-04,0.014463439923758412
2021-10-05,0.013417738311220884
2021-10-06,0.013228756555322952
2021-10-07,0.01230904358106185
2021-10-08,0.011823988885669334
2021-10-11,0.01259881576697424
2021-10-12,0.012504324889025274
2021-10-13,0.011742095910334647
2021-10-14,0.01062080207604463
2021-10-15,0.010268034369477326
2021-10-18,0.010274333921542816
2021-10-19,0.009890070256923109
2021-10-20,0.009757782667339546
2021-10-21,0.009455411377296172
2021-10-22,0.009719986556463299
2021-10-25,0.009600297470252367
2021-10-26,0.01006645350944841
2021-10-27,0.010696394297797122
2021-10-28,0.010412921663950222
2021-10-29,0.01024283736273206
2021-11-01,0.010337328240681029
2021-11-02,0.010097951269775866
2021-11-03,0.009512106144368893
2021-11-04,0.00972628550777044
2021-11-05,0.010381423903622766
2021-11-08,0.010847579942818809
2021-11-09,0.011200347649386112
2021-11-10,0.011798790677407368
2021-11-11,0.011124754226116917
2021-11-12,0.010261736018928536
2021-11-15,0.010387723455688256
2021-11-16,0.010312131233935764
2021-11-17,0.010778287273131806
2021-11-18,0.01108065856317518
2021-11-19,0.011282239423204096
2021-11-22,0.012075964960705477
2021-11-23,0.01220825194953069
2021-11-24,0.011704299799458402
2021-11-26,0.018028905891207488
2021-11-29,0.014463439923758412
2021-11-30,0.017128090371626156
2021-12-01,0.019603757862079265
2021-12-02,0.01760684551495318
2021-12-03,0.019320284026715664
2021-12-06,0.017121790819560667
2021-12-07,0.013789403472467961
2021-12-08,0.012535821447836028
2021-12-09,0.013594122164504539
2021-12-10,0.011773593670662103
2021-12-13,0.012794097074937665
2021-12-14,0.013789403472467961
2021-12-15,0.012151558383974671
2021-12-16,0.012957881824090333
2021-12-17,0.013587822612439045
2021-12-20,0.014406746358202393
2021-12-21,0.013235056107388444
2021-12-22,0.011735796358269157
2021-12-23,0.01131373598201485
2021-12-27,0.0111373533302479
2021-12-28,0.011049162004364425
2021-12-29,0.01067749684311735
2021-12-30,0.010916873814022511
2021-12-31,0.010847579942818809
2022-01-03,0.010457017326891959
2022-01-04,0.010652298634855385
2022-01-05,0.01242873146575608
2022-01-06,0.012353139244003587
2022-01-07,0.01181768933360384
2022-01-10,0.012220851053661672
2022-01-11,0.011597209817378452
2022-01-12,0.011099557219371654
2022-01-13,0.012794097074937665
2022-01-14,0.012088564064836459
2022-01-18,0.014356351143195164
2022-01-19,0.015024088042420123
2022-01-20,0.016120184869964874
2022-01-21,0.018173791984163683
2022-01-24,0.018835229331323148
2022-01-25,0.019628954868824534
2022-01-26,0.02013290701889682
2022-01-27,0.019206894492570226
2022-01-28,0.017424162109604038
2022-01-31,0.015641429726637852
2022-02-01,0.0138334991354097
2022-02-02,0.013915392110744385
2022-02-03,0.015339058436594478
2022-02-04,0.01462722467291108
2022-02-07,0.014400446806136901
2022-02-08,0.013505930838621063
2022-02-09,0.012573617558712277
2022-02-10,0.015061884153296368
2022-02-11,0.017235180353706105
2022-02-14,0.017846222485858345
2022-02-15,0.016189478741168578
2022-02-16,0.015301262325718231
2022-02-17,0.017707635944967638
2022-02-18,0.01748085687667676
2022-02-22,0.018148593775901715
2022-02-23,0.019540763542941056
2022-02-24,0.019099804510490277
2022-02-25,0.0173800664466623
2022-02-28,0.018992714528410327
2022-03-01,0.02098962687553641
2022-03-02,0.019364379689657405
2022-03-03,0.019200594940504735
2022-03-04,0.0201455061230278
2022-03-07,0.022961342215917235
2022-03-08,0.022129820567539607
2022-03-09,0.020441579062522384
2022-03-10,0.019043109743417556
2022-03-11,0.019370679241722893
2022-03-14,0.02001321913420259
2022-03-15,0.01879113366838141
2022-03-16,0.016800520873320814
2022-03-17,0.016170580084972106
2022-03-18,0.015036687146551105
2022-03-21,0.014822507182391207
2022-03-22,0.01445084202114413
2022-03-23,0.014847704189136468
2022-03-24,0.013650816931577258
2022-03-25,0.01310906746911202
2022-03-28,0.012365737146617867
2022-03-29,0.011905880659487316
2022-03-30,0.012176755390719935
2022-03-31,0.012951582272024843
2022-04-01,0.012365737146617867
2022-04-04,0.01169800024739291
2022-04-05,0.013247655211519428
2022-04-06,0.013921691662809875
2022-04-07,0.013575223508308063
2022-04-08,0.01332954698533741
2022-04-11,0.01535165754072546
2022-04-12,0.015282363669521758
2022-04-13,0.013745307809526224
2022-04-14,0.014299656376122443
2022-04-18,0.013965787325751614
2022-04-19,0.013461835175679325
2022-04-20,0.012800396627003156
2022-04-21,0.014287057271991461
2022-04-22,0.017770629062589152
2022-04-25,0.017021000389546206
2022-04-26,0.021115615513812833
2022-04-27,0.019906129152122642
2022-04-28,0.01889192409839587
2022-04-29,0.021040023292060343
2022-05-02,0.02037228519131868
2022-05-03,0.018425768059199824
2022-05-04,0.016013094887884927
2022-05-05,0.019654153077086494
2022-05-06,0.01901791273667229
2022-05-09,0.02189044239511774
2022-05-10,0.020781747664958706
2022-05-11,0.02051087293372609
2022-05-12,0.02001321913420259
2022-05-13,0.018186391088294666
2022-05-16,0.017304473023393108
2022-05-17,0.016441454816204727
2022-05-18,0.01950296623054811
2022-05-19,0.018488762378338037
2022-05-20,0.018539157593345266
2022-05-23,0.01794071336380731
2022-05-24,0.01855175669747625
2022-05-25,0.01787142069412031
2022-05-26,0.017323371679589583
2022-05-27,0.01620207664378286
2022-05-31,0.016498149583277444
2022-06-01,0.016183179189103086
2022-06-02,0.01557213585543415
2022-06-03,0.015616232719892587
2022-06-06,0.01579261537165954
2022-06-07,0.01513117802450007
2022-06-08,0.015093380712107123
2022-06-09,0.01643515526413923
2022-06-10,0.01748085687667676
2022-06-13,0.02143058590798719
2022-06-14,0.02059276350602737
2022-06-15,0.018658846679556196
2022-06-16,0.020756549456696742
2022-06-17,0.019610056212628058
2022-06-21,0.01901791273667229
2022-06-22,0.018236786303301895
2022-06-23,0.018299779420923402
2022-06-24,0.01715328737837142
2022-06-27,0.01697690472660447
2022-06-28,0.017865121142054817
2022-06-29,0.017739132503778395
2022-06-30,0.018085599456763503
2022-07-01,0.01681941952951729
2022-07-05,0.017348569887851547
2022-07-06,0.016838316984197063
2022-07-07,0.01642885571207374
2022-07-08,0.015521740640426919
2022-07-11,0.016485550479146464
2022-07-12,0.017191084690764368
2022-07-13,0.016895011751269784
2022-07-14,0.016630436572102655
2022-07-15,0.015263465013325284
2022-07-18,0.01593750146461573
2022-07-19,0.015433549314543445
2022-07-20,0.015042985497099894
2022-07-21,0.01455793200322408
2022-07-22,0.01450753678821685
2022-07-25,0.014715417200311257
2022-07-26,0.015553238400754376
2022-07-27,0.014639823777042062
2022-07-28,0.01406657775576607
2022-07-29,0.01343663696741736
2022-08-01,0.01438784770200592
2022-08-02,0.01507448325742735
2022-08-03,0.01382720078486091
2022-08-04,0.013505930838621063
2022-08-05,0.01332324743327192
2022-08-08,0.013411439960672095
2022-08-09,0.013713811250715469
2022-08-10,0.012435031017821572
2022-08-11,0.012724804405250662
2022-08-12,0.012302744028996358
2022-08-15,0.012567319208163487
2022-08-16,0.012403534459010816
2022-08-17,0.012535821447836028
2022-08-18,0.01232164148367613
2022-08-19,0.012976780480286809
2022-08-22,0.014992590282092665
2022-08-23,0.015187872791572792
2022-08-24,0.014375248597874937
2022-08-25,0.013720110802780959
2022-08-26,0.016101286213768405
2022-08-29,0.016510747485891725
2022-08-30,0.016510747485891725
2022-08-31,0.016296568723248528
2022-09-01,0.016101286213768405
2022-09-02,0.01604459144669568
2022-09-06,0.016951706518342505
2022-09-07,0.015521740640426919
2022-09-08,0.014872902397398434
2022-09-09,0.014356351143195164
2022-09-12,0.015036687146551105
2022-09-13,0.017178485586633385
2022-09-14,0.01647925092708097
2022-09-15,0.016548544798284673
2022-09-16,0.016567442252964443
2022-09-19,0.016227274852044827
2022-09-20,0.01710919171542968
2022-09-21,0.017632042521698445
2022-09-22,0.017228880801640614
2022-09-23,0.01884782843545413
2022-09-26,0.020321888774794752
2022-09-27,0.020536068738954652
2022-09-28,0.0190116131846068
2022-09-29,0.020057314797144326
2022-09-30,0.019918728256253623
2022-10-03,0.018961217969599573
2022-10-04,0.018312378525054386
2022-10-05,0.01798480902674905
2022-10-06,0.019225793148766702
2022-10-07,0.019754943507100952
2022-10-10,0.020441579062522384
2022-10-11,0.021184909385016538
2022-10-12,0.02114711207262359
2022-10-13,0.02012030911628254
2022-10-14,0.020170704331289764
2022-10-17,0.019761243059166444
2022-10-18,0.019213194044635715
2022-10-19,0.019376978793788385
2022-10-20,0.01888562454633038
2022-10-21,0.018702942342497933
2022-10-24,0.018803732772512394
2022-10-25,0.017928114259676324
2022-10-26,0.017184785138698876
2022-10-27,0.01725407780838588
2022-10-28,0.016220975299979335
2022-10-31,0.01630286707379732
2022-11-01,0.01625877141085558
2022-11-02,0.016290269171183036
2022-11-03,0.01593750146461573
2022-11-04,0.0154650458733542
2022-11-07,0.015339058436594478
2022-11-08,0.016088688311154124
2022-11-09,0.01643515526413923
2022-11-10,0.014822507182391207
2022-11-11,0.014186266841977003
2022-11-14,0.014948494619150926
2022-11-15,0.01545874752280541
2022-11-16,0.015187872791572792
2022-11-17,0.01507448325742735
2022-11-18,0.01456423155528957
2022-11-21,0.014085476411962545
2022-11-22,0.013411439960672095
2022-11-23,0.01281929528319963
2022-11-25,0.012913786161148596
2022-11-28,0.013990984332496877
2022-11-29,0.013789403472467961
2022-11-30,0.012964181376155825
2022-12-01,0.012498025336959782
2022-12-02,0.012006671089501774
2022-12-05,0.013071271358235773
2022-12-06,0.013965787325751614
2022-12-07,0.014287057271991461
2022-12-08,0.014041380749020808
2022-12-09,0.014381548149940427
2022-12-12,0.0157485197087178
2022-12-13,0.014205164296656775
2022-12-14,0.013316947881206426
2022-12-15,0.014381548149940427
2022-12-16,0.014249261161115214
2022-12-19,0.01412327252283879
2022-12-20,0.013531127845366326
2022-12-21,0.01264291142991598
2022-12-22,0.013839798687475192
2022-12-23,0.01314686478150497
2022-12-27,0.013638217827446276
2022-12-28,0.01394688866955514
2022-12-29,0.013505930838621063
2022-12-30,0.013650816931577258
2023-01-03,0.014425643812882165
2023-01-04,0.013864996895737156
2023-01-05,0.014148469529584056
2023-01-06,0.013310648329140936
2023-01-09,0.013839798687475192
2023-01-10,0.012964181376155825
2023-01-11,0.013285451322395673
2023-01-12,0.011861784996545579
2023-01-13,0.011559413706502207
2023-01-17,0.01219565404691641
2023-01-18,0.012812995731134138
2023-01-19,0.012926385265279578
2023-01-20,0.012504324889025274
2023-01-23,0.012479126680763309
2023-01-24,0.012094863616901952
2023-01-25,0.012019270193632756
2023-01-26,0.011798790677407368
2023-01-27,0.011660204136516665
2023-01-30,0.012561019656097993
2023-01-31,0.012220851053661672
2023-02-01,0.011257042416458833
2023-02-02,0.011798790677407368
2023-02-03,0.011546814602371223
2023-02-06,0.012239749709858147
2023-02-07,0.01175469501446563
2023-02-08,0.012365737146617867
2023-02-09,0.013046073149973808
2023-02-10,0.01293268481734507
2023-02-13,0.012812995731134138
2023-02-14,0.011912180211552808
2023-02-15,0.011483820283233012
2023-02-16,0.01270590574905419
2023-02-17,0.012611414871105224
2023-02-21,0.014406746358202393
2023-02-22,0.014041380749020808
2023-02-23,0.013316947881206426
2023-02-24,0.013650816931577258
2023-02-27,0.013197259996512197
2023-02-28,0.013039774799425018
2023-03-01,0.012964181376155825
2023-03-02,0.012340540139872605
2023-03-03,0.011647605032385681
2023-03-06,0.011723198455654876
2023-03-07,0.012340540139872605
2023-03-08,0.012038168849829231
2023-03-09,0.014242961609049724
2023-03-10,0.015622531070441377
2023-03-13,0.01670602999537185
2023-03-14,0.014948494619150926
2023-03-15,0.016466651822949988
2023-03-16,0.014482338579954885
2023-03-17,0.016069789654957648
2023-03-20,0.015213069798318055
2023-03-21,0.013468133526228115
2023-03-22,0.014022482092824333
2023-03-23,0.014242961609049724
2023-03-24,0.013694912594518997
2023-03-27,0.012976780480286809
2023-03-28,0.012579917110777767
2023-03-29,0.012044468401894722
2023-03-30,0.01198147408275651
2023-03-31,0.011779893222727595
2023-04-03,0.011685401143261926
2023-04-04,0.011968874978625529
2023-04-05,0.012019270193632756
2023-04-06,0.011590910265312962
2023-04-10,0.011949976322429053
2023-04-11,0.01203186929776374
2023-04-12,0.01202556974569825
2023-04-13,0.011212945552000394
2023-04-14,0.010753089064869843
2023-04-17,0.01067749684311735
2023-04-18,0.010601903419848156
2023-04-19,0.010368824799491784
2023-04-20,0.010816083384008053
2023-04-21,0.01056410730897191
2023-04-24,0.010639699530724403
2023-04-25,0.01181768933360384
2023-04-26,0.01186808454861107
2023-04-27,0.010727892058124577
2023-04-28,0.009940465471930338
2023-05-01,0.010129447828586621
2023-05-02,0.011200347649386112
2023-05-03,0.011553114154436715
2023-05-04,0.012655510534046961
2023-05-05,0.010828682488139035
2023-05-08,0.010696394297797122
2023-05-09,0.011156250784927673
2023-05-10,0.010671197291051858
2023-05-11,0.010664897738986368
2023-05-12,0.010727892058124577
2023-05-15,0.010784586825197298
2023-05-16,0.011332634638211325
2023-05-17,0.010627101628110121
2023-05-18,0.010110549172390147
2023-05-19,0.010589304315717172
2023-05-22,0.010841280390753319
2023-05-23,0.011672803240647647
2023-05-24,0.012617714423170714
2023-05-25,0.012057066304509003
2023-05-26,0.01130743763146606
2023-05-30,0.010998765587840494
2023-05-31,0.01130113807940057
2023-06-01,0.009858573097354004
2023-06-02,0.009197135750194535
2023-06-05,0.00927902752401252
2023-06-06,0.008793973429378354
2023-06-07,0.00878137432524737
2023-06-08,0.008598691520656579
2023-06-09,0.008712081054802019
2023-06-12,0.009455411377296172
2023-06-13,0.009203434701501678
2023-06-14,0.008743578214371125
2023-06-15,0.009134141431056324
2023-06-16,0.008529398250211227
2023-06-20,0.008743578214371125
2023-06-21,0.008315218286051328
2023-06-22,0.008132535481460536
2023-06-23,0.008466403931073015
2023-06-26,0.008976656233969146
2023-06-27,0.008655386287729298
2023-06-28,0.008460104979765876
2023-06-29,0.008529398250211227
2023-06-30,0.008560895409780334
2023-07-03,0.00854829630564935
2023-07-05,0.008932560571027408
2023-07-06,0.00972628550777044
2023-07-07,0.009342021843150732
2023-07-10,0.009493207488172417
2023-07-11,0.009348321395216222
2023-07-12,0.008529398250211227
2023-07-13,0.008573493913152964
2023-07-14,0.008403410212693155
2023-07-17,0.008491601538576631
2023-07-18,0.008378212605189539
2023-07-19,0.008667985391860282
2023-07-20,0.008812871484816477
2023-07-21,0.008567194961845824
2023-07-24,0.00876247626980925
2023-07-25,0.008730979110240143
2023-07-26,0.008308918733985838
2023-07-27,0.009077446663983604
2023-07-28,0.008397110660627663
2023-07-31,0.008586093017283946
2023-08-01,0.008775075373940231
2023-08-02,0.010135747380652113
2023-08-03,0.010028657398572163
2023-08-04,0.010771987721066316
2023-08-07,0.009934166520623197
2023-08-08,0.0100727530615139
2023-08-09,0.01005385500607578
2023-08-10,0.009984561735630426
2023-08-11,0.009348321395216222
2023-08-14,0.009335722291085239
2023-08-15,0.010368824799491784
2023-08-16,0.0105704068610374
2023-08-17,0.011269640319073113
2023-08-18,0.010897975157826038
2023-08-21,0.010790885175746088
2023-08-22,0.01069009474573163
2023-08-23,0.01006645350944841
2023-08-24,0.010834982040204527
2023-08-25,0.009877471753550476
2023-08-28,0.00949950704023791
2023-08-29,0.00910264427148722
2023-08-30,0.008743578214371125
2023-08-31,0.00854829630564935
2023-09-01,0.008245925015605976
2023-09-05,0.008825470588947459
2023-09-06,0.00910264427148722
2023-09-07,0.009071147111918114
2023-09-08,0.00871838060686751
2023-09-11,0.008693182999363896
2023-09-12,0.008964057129838162
2023-09-13,0.008491601538576631
2023-09-14,0.008075840714387815
2023-09-15,0.008686883447298404
2023-09-18,0.008819171036881969
2023-09-19,0.00888846430732732
2023-09-20,0.009537303751872506
2023-09-21,0.011049162004364425
2023-09-22,0.010834982040204527
2023-09-25,0.010645999082789893
2023-09-26,0.011931078867749282
2023-09-27,0.01147752073116752
2023-09-28,0.010923173366088001
2023-09-29,0.011036562900233441
2023-10-02,0.011093257667306162
2023-10-03,0.012460229226083535
2023-10-04,0.011704299799458402
2023-10-05,0.011647605032385681
2023-10-06,0.010992467237291704
2023-10-09,0.011149952434378883
2023-10-10,0.010727892058124577
2023-10-11,0.010135747380652113
2023-10-12,0.01051371209396468
2023-10-13,0.012170455838654445
2023-10-16,0.010841280390753319
2023-10-17,0.011263340767007623
2023-10-18,0.012107461519516232
2023-10-19,0.013480732630359097
2023-10-20,0.013676013938322521
2023-10-23,0.012831894387330612
2023-10-24,0.011949976322429053
2023-10-25,0.012718504853185172
2023-10-26,0.013027175695294036
2023-10-27,0.013398840856541113
2023-10-30,0.012441330569887063
2023-10-31,0.011427125516160291
2023-11-01,0.010627101628110121
2023-11-02,0.009864872649419494
2023-11-03,0.00939241705815796
2023-11-06,0.009379818554785329
2023-11-07,0.009329423339778098
2023-11-08,0.00910264427148722
2023-11-09,0.009631794629821472
2023-11-10,0.008926261018961917
2023-11-13,0.009297926180208993
2023-11-14,0.008919961466896425
2023-11-15,0.008932560571027408
2023-11-16,0.009020751896910883
2023-11-17,0.008693182999363896
2023-11-20,0.008447505875634892
2023-11-21,0.008409709764758645
2023-11-22,0.008094739370584289
2023-11-24,0.007849062246855287
2023-11-27,0.007993948339811482
2023-11-28,0.007993948339811482
2023-11-29,0.008176631144402273
2023-11-30,0.008138835033526026
2023-12-01,0.007956152228935235
2023-12-04,0.008239625463540484
2023-12-05,0.008094739370584289
2023-12-06,0.008170332193095133
2023-12-07,0.008227026960167853
2023-12-08,0.007779768976409933
2023-12-11,0.007956152228935235
2023-12-12,0.007603385123126282
2023-12-13,0.007678977945637125
2023-12-14,0.007861660750227917
2023-12-15,0.007735672712709846
2023-12-18,0.007912056565993498
2023-12-19,0.007893157909797024
2023-12-20,0.00861129062478756
2023-12-21,0.008598691520656579
2023-12-22,0.00820812830397138
2023-12-26,0.008182930696467765
2023-12-27,0.007830164191417162
2023-12-28,0.007855361798920777
2023-12-29,0.007842762694789795
2024-01-02,0.008315218286051328
2024-01-03,0.008844368644385583
2024-01-04,0.008901063411458304
2024-01-05,0.008409709764758645
2024-01-08,0.008239625463540484
2024-01-09,0.008038044603511568
2024-01-10,0.007993948339811482
2024-01-11,0.007836463142724303
2024-01-12,0.008000247891876972
2024-01-16,0.00871838060686751
2024-01-17,0.009316824235647118
2024-01-18,0.008901063411458304
2024-01-19,0.008378212605189539
2024-01-22,0.008308918733985838
2024-01-23,0.007905757013928006
2024-01-24,0.008277422175175082
2024-01-25,0.008472703483138506
2024-01-26,0.008353014997685926
2024-01-29,0.008567194961845824
2024-01-30,0.008384512157255032
2024-01-31,0.009039650553107358
2024-02-01,0.008743578214371125
2024-02-02,0.008724680158933002
2024-02-05,0.00861129062478756
2024-02-06,0.008227026960167853
2024-02-07,0.008082140266453307
2024-02-08,0.008056942658949693
2024-02-09,0.008145134585591518
2024-02-12,0.008775075373940231
2024-02-13,0.009984561735630426
2024-02-14,0.009058548608545481
2024-02-15,0.008825470588947459
2024-02-16,0.008970356681903656
2024-02-20,0.009713687004397809
2024-02-21,0.009663291789390578
2024-02-22,0.009159339038559939
2024-02-23,0.008661685839794792
2024-02-26,0.008655386287729298
2024-02-27,0.008460104979765876
2024-02-28,0.00871838060686751
2024-02-29,0.0084412063235694
2024-03-01,0.008258523518978609
2024-03-04,0.008497901090642121
2024-03-05,0.00910894382355271
2024-03-06,0.009134141431056324
2024-03-07,0.009096344719421726
2024-03-08,0.009285327076078011
2024-03-11,0.009587698966879735
2024-03-12,0.00871838060686751
2024-03-13,0.008661685839794792
2024-03-14,0.009071147111918114
2024-03-15,0.009077446663983604
2024-03-18,0.009027051448976375
2024-03-19,0.008705781502736529
2024-03-20,0.00821442785603687
2024-03-21,0.008138835033526026
2024-03-22,0.008227026960167853
2024-03-25,0.008308918733985838
2024-03-26,0.008340415893554942
2024-03-27,0.008050643106884203
2024-03-28,0.008195529800598747
2024-04-01,0.008598691520656579
2024-04-02,0.009203434701501678
2024-04-03,0.009027051448976375
2024-04-04,0.010299532129804782
2024-04-05,0.010097951269775866
2024-04-08,0.009568800310683261
2024-04-09,0.009436512721099697
2024-04-10,0.009953064576061321
2024-04-11,0.00939241705815796
2024-04-12,0.010904274709891528
2024-04-15,0.012113761071581724
2024-04-16,0.011590910265312962
2024-04-17,0.011471221179102029
2024-04-18,0.011338934190276815
2024-04-19,0.011786191573276384
2024-04-22,0.010671197291051858
2024-04-23,0.009883770704857617
2024-04-24,0.01006015455814127
2024-04-25,0.009682189844828703
2024-04-26,0.009468009880668803
2024-04-29,0.009241231413136274
2024-04-30,0.009858573097354004
2024-05-01,0.009694788948959684
2024-05-02,0.009247530965201764
2024-05-03,0.008497901090642121
2024-05-06,0.008497901090642121
2024-05-07,0.008334116341489452
2024-05-08,0.008189230248533257
2024-05-09,0.007993948339811482
2024-05-10,0.007905757013928006
2024-05-13,0.008567194961845824
2024-05-14,0.008453805427700384
2024-05-15,0.007842762694789795
2024-05-16,0.007823864639351672
2024-05-17,0.007552989908119053
2024-05-20,0.0076537803381335106
2024-05-21,0.007471097533542718
2024-05-22,0.007741972264775337
2024-05-23,0.008044344155577062
2024-05-24,0.007515193797242806
2024-05-28,0.008138835033526026
2024-05-29,0.008995554289407268
2024-05-30,0.009115243375618202
2024-05-31,0.008138835033526026
2024-06-03,0.008258523518978609
2024-06-04,0.008290020678547715
2024-06-05,0.007956152228935235
2024-06-06,0.007924655069366128
2024-06-07,0.0076978766018336
2024-06-10,0.008025445499380586
2024-06-11,0.008094739370584289
2024-06-12,0.007584487067688159
2024-06-13,0.007521492748549947
2024-06-14,0.007975050284373357
2024-06-17,0.008031745051446078
2024-06-18,0.007748271816840829
2024-06-20,0.008365613501058558
2024-06-21,0.008315218286051328
2024-06-24,0.008397110660627663
2024-06-25,0.008088439818518799
2024-06-26,0.007905757013928006
2024-06-27,0.0077104751052062305
2024-06-28,0.007836463142724303
2024-07-01,0.0076978766018336
2024-07-02,0.007578187515622667
2024-07-03,0.007615984227257264
2024-07-05,0.007861660750227917
2024-07-08,0.007792367479782566
2024-07-09,0.007880559406424391
2024-07-10,0.008094739370584289
2024-07-11,0.008138835033526026
2024-07-12,0.007849062246855287
2024-07-15,0.0082648230710441
2024-07-16,0.008308918733985838
2024-07-17,0.00912154232692534
2024-07-18,0.010034956950637655
2024-07-19,0.010406622111884731
2024-07-22,0.00939241705815796
2024-07-23,0.00927272857270538
2024-07-24,0.01136413239853878
2024-07-25,0.011628706376189207
2024-07-26,0.010324729136550045
2024-07-29,0.010457017326891959
2024-07-30,0.011143652882313393
2024-07-31,0.010305831681870273
2024-08-01,0.011710599351523892
2024-08-02,0.01473431465499103
2024-08-05,0.024296816014367152
2024-08-06,0.017455658668414795
2024-08-07,0.017543851195814968
2024-08-08,0.014986291931543876
2024-08-09,0.012831894387330612
2024-08-12,0.013046073149973808
2024-08-13,0.011414527613546012
2024-08-14,0.010198741699790324
2024-08-15,0.009593997918186875
2024-08-16,0.009323123787712608
2024-08-19,0.00922863230900529
2024-08-20,0.010003459791068548
2024-08-21,0.010249136914797553
2024-08-22,0.011055460354913215
2024-08-23,0.009990860686937567
2024-08-26,0.010173543491528358
2024-08-27,0.009719986556463299
2024-08-28,0.010778287273131806
2024-08-29,0.009858573097354004
2024-08-30,0.00944911182523068
2024-09-03,0.013052372702039301
2024-09-04,0.013430337415351868
2024-09-05,0.012535821447836028
2024-09-06,0.014098074314576825
2024-09-09,0.01225234881398913
2024-09-10,0.012019270193632756
2024-09-11,0.011143652882313393
2024-09-12,0.010753089064869843
2024-09-13,0.010431819118629995
2024-09-16,0.01079718472781158
2024-09-17,0.011093257667306162
2024-09-18,0.011483820283233012
2024-09-19,0.010286933025673798
2024-09-20,0.010173543491528358
2024-09-23,0.01000975934313404
2024-09-24,0.009694788948959684
2024-09-25,0.009707387452332315
2024-09-26,0.009682189844828703
2024-09-27,0.01068379519366614
2024-09-30,0.010538909100709945
2024-10-01,0.012132659727778198
2024-10-02,0.011905880659487316
2024-10-03,0.012907486609083104
2024-10-04,0.012101161967450742
2024-10-07,0.014261859063729496
2024-10-08,0.01349333173449008
2024-10-09,0.013140565229439476
2024-10-10,0.013184660892381215
2024-10-11,0.012888587952886632
2024-10-14,0.012409834011076308
2024-10-15,0.01300197748703207
2024-10-16,0.012334240587807114
2024-10-17,0.012038168849829231
2024-10-18,0.01135783284647329
2024-10-21,0.011572012810633189
2024-10-22,0.011464922828553239
2024-10-23,0.012120060623647214
2024-10-24,0.012019270193632756
2024-10-25,0.012806696179068646
2024-10-28,0.012472827128697819
2024-10-29,0.012183054942785427
2024-10-30,0.01281929528319963
2024-10-31,0.014589428562034835
2024-11-01,0.013783103920402471
2024-11-04,0.013846098239540682
2024-11-05,0.012907486609083104
2024-11-06,0.010249136914797553
2024-11-07,0.009575099862748751
2024-11-08,0.009411315113596084
2024-11-11,0.009430213769792556
2024-11-12,0.009266429020639887
2024-11-13,0.00883177014101295
2024-11-14,0.009014452945603744
2024-11-15,0.010167243939462868
2024-11-18,0.009814477434412267
2024-11-19,0.010299532129804782
2024-11-20,0.010809783831942563
2024-11-21,0.010627101628110121
2024-11-22,0.009600297470252367
2024-11-25,0.009197135750194535
2024-11-26,0.00888216535602018
2024-11-27,0.00888216535602018
2024-11-29,0.008510500194773103
2024-12-02,0.008403410212693155
2024-12-03,0.008378212605189539
2024-12-04,0.008472703483138506
2024-12-05,0.008529398250211227
2024-12-06,0.008044344155577062
2024-12-09,0.00893885952233455
2024-12-10,0.008932560571027408
2024-12-11,0.00855459585771484
2024-12-12,0.00876877582187474
2024-12-13,0.008699482551429388
2024-12-16,0.009253829916508905
2024-12-17,0.009997160239003058
2024-12-18,0.017398965102858776
2024-12-19,0.015175273687441808
2024-12-20,0.011565713258567697
2024-12-23,0.0105704068610374
2024-12-24,0.008989255338100128
2024-12-26,0.00927902752401252
2024-12-27,0.010047555454010286
2024-12-30,0.010960969476964249
